governance_level,governance_name,scenario,total_agents,active_agents,shadow_agents,duplicate_agents,orphaned_agents,sprawl_index,total_actions,total_completed,total_failed,total_violations,risk_incident_rate,effective_task_completion,governance_cost_ratio,time_to_value_days,delegation_safety_rate,total_delegations,safe_delegations,net_business_value,trial
1,Ad-hoc,greenfield,40,32,10,0,8,0.45,1000,752,248,59,59.0,0.693,0.02,5.0,0.549,102,56,0.6293,0
1,Ad-hoc,greenfield,40,34,10,0,6,0.4,1000,770,230,63,63.0,0.707,0.02,5.0,0.5591,93,52,0.637,1
1,Ad-hoc,greenfield,40,33,10,0,7,0.425,1000,775,225,57,57.0,0.718,0.02,5.0,0.54,100,54,0.6444,2
1,Ad-hoc,greenfield,40,39,10,0,1,0.275,1000,755,245,65,65.0,0.69,0.02,5.0,0.5888,107,63,0.6573,3
1,Ad-hoc,greenfield,40,35,10,0,5,0.375,1000,747,253,59,59.0,0.688,0.02,5.0,0.6509,106,69,0.658,4
1,Ad-hoc,greenfield,40,32,10,0,8,0.45,1000,764,236,56,56.0,0.708,0.02,5.0,0.604,101,61,0.648,5
1,Ad-hoc,greenfield,40,31,10,0,9,0.475,1000,775,225,56,56.0,0.719,0.02,5.0,0.6237,93,58,0.6492,6
1,Ad-hoc,greenfield,40,34,10,0,6,0.4,1000,762,238,58,58.0,0.704,0.02,5.0,0.5579,95,53,0.6459,7
1,Ad-hoc,greenfield,40,34,10,0,6,0.4,1000,775,225,68,68.0,0.707,0.02,5.0,0.6452,93,60,0.6399,8
1,Ad-hoc,greenfield,40,37,10,0,3,0.325,1000,769,231,68,68.0,0.701,0.02,5.0,0.5833,108,63,0.6438,9
1,Ad-hoc,greenfield,40,32,10,0,8,0.45,1000,757,243,48,48.0,0.709,0.02,5.0,0.6759,108,73,0.6751,10
1,Ad-hoc,greenfield,40,35,10,0,5,0.375,1000,769,231,52,52.0,0.717,0.02,5.0,0.6154,130,80,0.6754,11
1,Ad-hoc,greenfield,40,34,10,0,6,0.4,1000,779,221,54,54.0,0.725,0.02,5.0,0.6765,102,69,0.678,12
1,Ad-hoc,greenfield,40,36,10,0,4,0.35,1000,746,254,49,49.0,0.697,0.02,5.0,0.5506,89,49,0.6707,13
1,Ad-hoc,greenfield,40,38,10,0,2,0.3,1000,774,226,52,52.0,0.722,0.02,5.0,0.5481,104,57,0.6818,14
1,Ad-hoc,greenfield,40,35,10,0,5,0.375,1000,764,236,59,59.0,0.705,0.02,5.0,0.5918,98,58,0.6543,15
1,Ad-hoc,greenfield,40,36,10,0,4,0.35,1000,763,237,64,64.0,0.699,0.02,5.0,0.6667,105,70,0.6587,16
1,Ad-hoc,greenfield,40,36,10,0,4,0.35,1000,768,232,59,59.0,0.709,0.02,5.0,0.6395,86,55,0.6676,17
1,Ad-hoc,greenfield,40,34,10,0,6,0.4,1000,749,251,59,59.0,0.69,0.02,5.0,0.5983,117,70,0.6457,18
1,Ad-hoc,greenfield,40,35,10,0,5,0.375,1000,762,238,54,54.0,0.708,0.02,5.0,0.625,88,55,0.6702,19
1,Ad-hoc,greenfield,40,36,10,0,4,0.35,1000,748,252,63,63.0,0.685,0.02,5.0,0.6869,99,68,0.6595,20
1,Ad-hoc,greenfield,40,36,10,0,4,0.35,1000,769,231,59,59.0,0.71,0.02,5.0,0.5619,105,59,0.6563,21
1,Ad-hoc,greenfield,40,32,10,0,8,0.45,1000,770,230,55,55.0,0.715,0.02,5.0,0.6,95,57,0.6515,22
1,Ad-hoc,greenfield,40,35,10,0,5,0.375,1000,785,215,70,70.0,0.715,0.02,5.0,0.5823,79,46,0.6338,23
1,Ad-hoc,greenfield,40,32,10,0,8,0.45,1000,782,218,54,54.0,0.728,0.02,5.0,0.5542,83,46,0.6505,24
1,Ad-hoc,greenfield,40,36,10,0,4,0.35,1000,751,249,58,58.0,0.693,0.02,5.0,0.5196,102,53,0.6468,25
1,Ad-hoc,greenfield,40,35,10,0,5,0.375,1000,765,235,49,49.0,0.716,0.02,5.0,0.6545,110,72,0.687,26
1,Ad-hoc,greenfield,40,34,10,0,6,0.4,1000,738,262,63,63.0,0.675,0.02,5.0,0.5851,94,55,0.6313,27
1,Ad-hoc,greenfield,40,30,10,0,10,0.5,1000,768,232,73,73.0,0.695,0.02,5.0,0.6495,97,63,0.6069,28
1,Ad-hoc,greenfield,40,33,10,0,7,0.425,1000,769,231,69,69.0,0.7,0.02,5.0,0.5437,103,56,0.6156,29
2,Reactive,greenfield,37,34,7,0,3,0.2703,1000,762,238,37,37.0,0.725,0.06,9.0,0.5938,96,57,0.7195,0
2,Reactive,greenfield,37,35,7,0,2,0.2432,1000,794,206,45,45.0,0.749,0.06,9.0,0.633,109,69,0.722,1
2,Reactive,greenfield,37,33,7,0,4,0.2973,1000,770,230,47,47.0,0.723,0.06,9.0,0.6476,105,68,0.7016,2
2,Reactive,greenfield,37,33,7,0,4,0.2973,1000,778,222,43,43.0,0.735,0.06,9.0,0.619,105,65,0.7089,3
2,Reactive,greenfield,37,32,7,0,5,0.3243,1000,785,215,44,44.0,0.741,0.06,9.0,0.5333,105,56,0.6904,4
2,Reactive,greenfield,37,35,7,0,2,0.2432,1000,769,231,29,29.0,0.74,0.06,9.0,0.5789,114,66,0.7432,5
2,Reactive,greenfield,37,31,7,0,6,0.3514,1000,770,230,43,43.0,0.727,0.06,9.0,0.6396,111,71,0.6988,6
2,Reactive,greenfield,37,35,7,0,2,0.2432,1000,777,223,42,42.0,0.735,0.06,9.0,0.5556,117,65,0.7122,7
2,Reactive,greenfield,37,31,7,0,6,0.3514,1000,750,250,38,38.0,0.712,0.06,9.0,0.6078,102,62,0.6995,8
2,Reactive,greenfield,37,33,7,0,4,0.2973,1000,769,231,31,31.0,0.738,0.06,9.0,0.5714,91,52,0.7267,9
2,Reactive,greenfield,37,32,7,0,5,0.3243,1000,787,213,39,39.0,0.748,0.06,9.0,0.6289,97,61,0.7169,10
2,Reactive,greenfield,37,30,7,0,7,0.3784,1000,771,229,42,42.0,0.729,0.06,9.0,0.6437,87,56,0.6966,11
2,Reactive,greenfield,37,31,7,0,6,0.3514,1000,771,229,38,38.0,0.733,0.06,9.0,0.5222,90,47,0.693,12
2,Reactive,greenfield,37,32,7,0,5,0.3243,1000,779,221,36,36.0,0.743,0.06,9.0,0.6538,104,68,0.7251,13
2,Reactive,greenfield,37,34,7,0,3,0.2703,1000,753,247,50,50.0,0.703,0.06,9.0,0.6082,97,59,0.6891,14
2,Reactive,greenfield,37,34,7,0,3,0.2703,1000,788,212,47,47.0,0.741,0.06,9.0,0.5909,88,52,0.7039,15
2,Reactive,greenfield,37,36,7,0,1,0.2162,1000,781,219,39,39.0,0.742,0.06,9.0,0.6316,95,60,0.7371,16
2,Reactive,greenfield,37,35,7,0,2,0.2432,1000,761,239,31,31.0,0.73,0.06,9.0,0.5638,94,53,0.7339,17
2,Reactive,greenfield,37,33,7,0,4,0.2973,1000,752,248,38,38.0,0.714,0.06,9.0,0.5652,92,52,0.7045,18
2,Reactive,greenfield,37,34,7,0,3,0.2703,1000,775,225,33,33.0,0.742,0.06,9.0,0.569,116,66,0.7289,19
2,Reactive,greenfield,37,36,7,0,1,0.2162,1000,763,237,48,48.0,0.715,0.06,9.0,0.6476,105,68,0.7134,20
2,Reactive,greenfield,37,35,7,0,2,0.2432,1000,749,251,34,34.0,0.715,0.06,9.0,0.6023,88,53,0.7292,21
2,Reactive,greenfield,37,34,7,0,3,0.2703,1000,793,207,47,47.0,0.746,0.06,9.0,0.6667,117,78,0.7167,22
2,Reactive,greenfield,37,31,7,0,6,0.3514,1000,780,220,38,38.0,0.742,0.06,9.0,0.5849,106,62,0.7051,23
2,Reactive,greenfield,37,32,7,0,5,0.3243,1000,788,212,39,39.0,0.749,0.06,9.0,0.68,100,68,0.7248,24
2,Reactive,greenfield,37,36,7,0,1,0.2162,1000,777,223,47,47.0,0.73,0.06,9.0,0.5478,115,63,0.7049,25
2,Reactive,greenfield,37,34,7,0,3,0.2703,1000,765,235,34,34.0,0.731,0.06,9.0,0.6122,98,60,0.7301,26
2,Reactive,greenfield,37,34,7,0,3,0.2703,1000,777,223,37,37.0,0.74,0.06,9.0,0.6,115,69,0.7249,27
2,Reactive,greenfield,37,36,7,0,1,0.2162,1000,767,233,36,36.0,0.731,0.06,9.0,0.5294,85,45,0.7245,28
2,Reactive,greenfield,37,33,7,0,4,0.2973,1000,771,229,41,41.0,0.73,0.06,9.0,0.6562,96,63,0.717,29
3,Defined,greenfield,33,32,3,0,1,0.1212,1000,898,102,12,12.0,0.886,0.12,12.0,0.8544,103,88,0.8777,0
3,Defined,greenfield,33,30,3,0,3,0.1818,1000,877,123,14,14.0,0.863,0.12,12.0,0.9062,96,87,0.8625,1
3,Defined,greenfield,33,29,3,0,4,0.2121,1000,884,116,18,18.0,0.866,0.12,12.0,0.9057,106,96,0.8492,2
3,Defined,greenfield,33,31,3,0,2,0.1515,1000,880,120,18,18.0,0.862,0.12,12.0,0.9074,108,98,0.8604,3
3,Defined,greenfield,33,31,3,0,2,0.1515,1000,897,103,10,10.0,0.887,0.12,12.0,0.9255,94,87,0.8866,4
3,Defined,greenfield,33,32,3,0,1,0.1212,1000,882,118,17,17.0,0.865,0.12,12.0,0.8713,101,88,0.864,5
3,Defined,greenfield,33,32,3,0,1,0.1212,1000,875,125,12,12.0,0.863,0.12,12.0,0.8835,103,91,0.8752,6
3,Defined,greenfield,33,31,3,0,2,0.1515,1000,881,119,15,15.0,0.866,0.12,12.0,0.9304,115,107,0.8711,7
3,Defined,greenfield,33,32,3,0,1,0.1212,1000,871,129,17,17.0,0.854,0.12,12.0,0.8969,97,87,0.8645,8
3,Defined,greenfield,33,32,3,0,1,0.1212,1000,872,128,12,12.0,0.86,0.12,12.0,0.8762,105,92,0.8732,9
3,Defined,greenfield,33,28,3,0,5,0.2424,1000,894,106,12,12.0,0.882,0.12,12.0,0.9596,99,95,0.8681,10
3,Defined,greenfield,33,31,3,0,2,0.1515,1000,885,115,12,12.0,0.873,0.12,12.0,0.9024,82,74,0.875,11
3,Defined,greenfield,33,32,3,0,1,0.1212,1000,870,130,15,15.0,0.855,0.12,12.0,0.8981,108,97,0.869,12
3,Defined,greenfield,33,31,3,0,2,0.1515,1000,881,119,15,15.0,0.866,0.12,12.0,0.95,100,95,0.874,13
3,Defined,greenfield,33,31,3,0,2,0.1515,1000,878,122,21,21.0,0.857,0.12,12.0,0.8774,106,93,0.8484,14
3,Defined,greenfield,33,32,3,0,1,0.1212,1000,893,107,10,10.0,0.883,0.12,12.0,0.8723,94,82,0.8835,15
3,Defined,greenfield,33,32,3,0,1,0.1212,1000,865,135,11,11.0,0.854,0.12,12.0,0.9032,93,84,0.8774,16
3,Defined,greenfield,33,33,3,0,0,0.0909,1000,890,110,11,11.0,0.879,0.12,12.0,0.86,100,86,0.8845,17
3,Defined,greenfield,33,30,3,0,3,0.1818,1000,866,134,11,11.0,0.855,0.12,12.0,0.96,75,72,0.8741,18
3,Defined,greenfield,33,32,3,0,1,0.1212,1000,879,121,13,13.0,0.866,0.12,12.0,0.8969,97,87,0.8761,19
3,Defined,greenfield,33,33,3,0,0,0.0909,1000,867,133,11,11.0,0.856,0.12,12.0,0.8835,103,91,0.8811,20
3,Defined,greenfield,33,29,3,0,4,0.2121,1000,894,106,10,10.0,0.884,0.12,12.0,0.9293,99,92,0.8742,21
3,Defined,greenfield,33,31,3,0,2,0.1515,1000,887,113,10,10.0,0.877,0.12,12.0,0.9091,99,90,0.8812,22
3,Defined,greenfield,33,31,3,0,2,0.1515,1000,877,123,8,8.0,0.869,0.12,12.0,0.9558,113,108,0.8898,23
3,Defined,greenfield,33,28,3,0,5,0.2424,1000,864,136,18,18.0,0.846,0.12,12.0,0.9091,110,100,0.8377,24
3,Defined,greenfield,33,27,3,0,6,0.2727,1000,894,106,13,13.0,0.881,0.12,12.0,0.9121,91,83,0.8526,25
3,Defined,greenfield,33,32,3,0,1,0.1212,1000,895,105,10,10.0,0.885,0.12,12.0,0.8991,109,98,0.8881,26
3,Defined,greenfield,33,28,3,0,5,0.2424,1000,881,119,16,16.0,0.865,0.12,12.0,0.8889,99,88,0.8443,27
3,Defined,greenfield,33,33,3,0,0,0.0909,1000,887,113,13,13.0,0.874,0.12,12.0,0.902,102,92,0.8853,28
3,Defined,greenfield,33,30,3,0,3,0.1818,1000,872,128,13,13.0,0.859,0.12,12.0,0.9072,97,88,0.8634,29
4,Managed,greenfield,31,31,1,0,0,0.0323,1000,887,113,10,10.0,0.877,0.18,14.7,0.9327,104,97,0.8996,0
4,Managed,greenfield,31,31,1,0,0,0.0323,1000,895,105,3,3.0,0.892,0.18,14.7,0.9149,94,86,0.9154,1
4,Managed,greenfield,31,31,1,0,0,0.0323,1000,911,89,5,5.0,0.906,0.18,14.7,0.9053,95,86,0.9141,2
4,Managed,greenfield,31,31,1,0,0,0.0323,1000,895,105,5,5.0,0.89,0.18,14.7,0.9157,83,76,0.9109,3
4,Managed,greenfield,31,31,1,0,0,0.0323,1000,904,96,1,1.0,0.903,0.18,14.7,0.8966,116,104,0.9199,4
4,Managed,greenfield,31,31,1,0,0,0.0323,1000,899,101,3,3.0,0.896,0.18,14.7,0.9554,112,107,0.9227,5
4,Managed,greenfield,31,31,1,0,0,0.0323,1000,892,108,2,2.0,0.89,0.18,14.7,0.9434,106,100,0.9211,6
4,Managed,greenfield,31,31,1,0,0,0.0323,1000,888,112,3,3.0,0.885,0.18,14.7,0.934,106,99,0.9161,7
4,Managed,greenfield,31,30,1,0,1,0.0645,1000,880,120,1,1.0,0.879,0.18,14.7,0.9737,114,111,0.9178,8
4,Managed,greenfield,31,31,1,0,0,0.0323,1000,902,98,5,5.0,0.897,0.18,14.7,0.956,91,87,0.9191,9
4,Managed,greenfield,31,31,1,0,0,0.0323,1000,905,95,4,4.0,0.901,0.18,14.7,0.9655,87,84,0.9237,10
4,Managed,greenfield,31,31,1,0,0,0.0323,1000,899,101,3,3.0,0.896,0.18,14.7,0.9186,86,79,0.9171,11
4,Managed,greenfield,31,31,1,0,0,0.0323,1000,893,107,1,1.0,0.892,0.18,14.7,0.9419,86,81,0.9234,12
4,Managed,greenfield,31,31,1,0,0,0.0323,1000,904,96,6,6.0,0.898,0.18,14.7,0.9263,95,88,0.9129,13
4,Managed,greenfield,31,31,1,0,0,0.0323,1000,889,111,5,5.0,0.884,0.18,14.7,0.94,100,94,0.9127,14
4,Managed,greenfield,31,31,1,0,0,0.0323,1000,879,121,4,4.0,0.875,0.18,14.7,0.9646,113,109,0.9157,15
4,Managed,greenfield,31,31,1,0,0,0.0323,1000,918,82,1,1.0,0.917,0.18,14.7,0.9712,104,101,0.9353,16
4,Managed,greenfield,31,30,1,0,1,0.0645,1000,883,117,5,5.0,0.878,0.18,14.7,0.9479,96,91,0.9057,17
4,Managed,greenfield,31,31,1,0,0,0.0323,1000,901,99,1,1.0,0.9,0.18,14.7,0.9792,96,94,0.9314,18
4,Managed,greenfield,31,31,1,0,0,0.0323,1000,906,94,5,5.0,0.901,0.18,14.7,0.9146,82,75,0.914,19
4,Managed,greenfield,31,30,1,0,1,0.0645,1000,882,118,6,6.0,0.876,0.18,14.7,0.9529,85,81,0.9038,20
4,Managed,greenfield,31,31,1,0,0,0.0323,1000,900,100,7,7.0,0.893,0.18,14.7,0.9406,101,95,0.9115,21
4,Managed,greenfield,31,31,1,0,0,0.0323,1000,907,93,5,5.0,0.902,0.18,14.7,0.9504,121,115,0.9197,22
4,Managed,greenfield,31,30,1,0,1,0.0645,1000,892,108,0,0.0,0.892,0.18,14.7,0.96,100,96,0.9217,23
4,Managed,greenfield,31,31,1,0,0,0.0323,1000,905,95,8,8.0,0.897,0.18,14.7,0.945,109,103,0.9114,24
4,Managed,greenfield,31,31,1,0,0,0.0323,1000,890,110,3,3.0,0.887,0.18,14.7,0.9619,105,101,0.9209,25
4,Managed,greenfield,31,31,1,0,0,0.0323,1000,903,97,5,5.0,0.898,0.18,14.7,0.9184,98,90,0.9137,26
4,Managed,greenfield,31,31,1,0,0,0.0323,1000,890,110,0,0.0,0.89,0.18,14.7,0.9515,103,98,0.9263,27
4,Managed,greenfield,31,31,1,0,0,0.0323,1000,889,111,5,5.0,0.884,0.18,14.7,0.9145,117,107,0.9089,28
4,Managed,greenfield,31,31,1,0,0,0.0323,1000,887,113,0,0.0,0.887,0.18,14.7,0.9406,101,95,0.9237,29
5,Optimized,greenfield,30,30,0,0,0,0.0,1000,932,68,3,3.0,0.929,0.16,12.0,1.0,87,87,0.9487,0
5,Optimized,greenfield,30,30,0,0,0,0.0,1000,936,64,1,1.0,0.935,0.16,12.0,1.0,103,103,0.9545,1
5,Optimized,greenfield,30,30,0,0,0,0.0,1000,918,82,3,3.0,0.915,0.16,12.0,1.0,100,100,0.9445,2
5,Optimized,greenfield,30,30,0,0,0,0.0,1000,936,64,0,0.0,0.936,0.16,12.0,1.0,94,94,0.9568,3
5,Optimized,greenfield,30,30,0,0,0,0.0,1000,931,69,1,1.0,0.93,0.16,12.0,1.0,103,103,0.953,4
5,Optimized,greenfield,30,29,0,0,1,0.0333,1000,929,71,3,3.0,0.926,0.16,12.0,1.0,93,93,0.9411,5
5,Optimized,greenfield,30,30,0,0,0,0.0,1000,936,64,3,3.0,0.933,0.16,12.0,1.0,97,97,0.9499,6
5,Optimized,greenfield,30,30,0,0,0,0.0,1000,941,59,2,2.0,0.939,0.16,12.0,1.0,92,92,0.9537,7
5,Optimized,greenfield,30,30,0,0,0,0.0,1000,945,55,0,0.0,0.945,0.16,12.0,1.0,89,89,0.9595,8
5,Optimized,greenfield,30,30,0,0,0,0.0,1000,918,82,2,2.0,0.916,0.16,12.0,1.0,101,101,0.9468,9
5,Optimized,greenfield,30,30,0,0,0,0.0,1000,936,64,0,0.0,0.936,0.16,12.0,1.0,91,91,0.9568,10
5,Optimized,greenfield,30,30,0,0,0,0.0,1000,922,78,1,1.0,0.921,0.16,12.0,1.0,102,102,0.9503,11
5,Optimized,greenfield,30,30,0,0,0,0.0,1000,926,74,1,1.0,0.925,0.16,12.0,1.0,110,110,0.9515,12
5,Optimized,greenfield,30,30,0,0,0,0.0,1000,920,80,4,4.0,0.916,0.16,12.0,1.0,106,106,0.9428,13
5,Optimized,greenfield,30,30,0,0,0,0.0,1000,948,52,1,1.0,0.947,0.16,12.0,1.0,86,86,0.9581,14
5,Optimized,greenfield,30,30,0,0,0,0.0,1000,934,66,2,2.0,0.932,0.16,12.0,1.0,90,90,0.9516,15
5,Optimized,greenfield,30,30,0,0,0,0.0,1000,917,83,1,1.0,0.916,0.16,12.0,1.0,100,100,0.9488,16
5,Optimized,greenfield,30,30,0,0,0,0.0,1000,946,54,2,2.0,0.944,0.16,12.0,1.0,95,95,0.9552,17
5,Optimized,greenfield,30,30,0,0,0,0.0,1000,927,73,2,2.0,0.925,0.16,12.0,1.0,102,102,0.9495,18
5,Optimized,greenfield,30,30,0,0,0,0.0,1000,925,75,2,2.0,0.923,0.16,12.0,1.0,89,89,0.9489,19
5,Optimized,greenfield,30,30,0,0,0,0.0,1000,927,73,2,2.0,0.925,0.16,12.0,1.0,97,97,0.9495,20
5,Optimized,greenfield,30,30,0,0,0,0.0,1000,928,72,2,2.0,0.926,0.16,12.0,1.0,115,115,0.9498,21
5,Optimized,greenfield,30,30,0,0,0,0.0,1000,937,63,2,2.0,0.935,0.16,12.0,1.0,107,107,0.9525,22
5,Optimized,greenfield,30,30,0,0,0,0.0,1000,939,61,3,3.0,0.936,0.16,12.0,1.0,95,95,0.9508,23
5,Optimized,greenfield,30,30,0,0,0,0.0,1000,933,67,2,2.0,0.931,0.16,12.0,1.0,81,81,0.9513,24
5,Optimized,greenfield,30,30,0,0,0,0.0,1000,949,51,1,1.0,0.948,0.16,12.0,1.0,114,114,0.9584,25
5,Optimized,greenfield,30,30,0,0,0,0.0,1000,924,76,4,4.0,0.92,0.16,12.0,1.0,104,104,0.944,26
5,Optimized,greenfield,30,30,0,0,0,0.0,1000,932,68,4,4.0,0.928,0.16,12.0,1.0,101,101,0.9464,27
5,Optimized,greenfield,30,30,0,0,0,0.0,1000,939,61,3,3.0,0.936,0.16,12.0,1.0,101,101,0.9508,28
5,Optimized,greenfield,30,30,0,0,0,0.0,1000,937,63,2,2.0,0.935,0.16,12.0,1.0,94,94,0.9525,29
1,Ad-hoc,scaling,67,61,17,20,6,0.6418,2000,1542,458,103,51.5,0.7195,0.02,5.0,0.559,195,109,0.6153,0
1,Ad-hoc,scaling,67,58,17,20,9,0.6866,2000,1514,486,105,52.5,0.7045,0.02,5.0,0.581,210,122,0.6032,1
1,Ad-hoc,scaling,67,55,17,20,12,0.7313,2000,1497,503,119,59.5,0.689,0.02,5.0,0.6061,198,120,0.5793,2
1,Ad-hoc,scaling,67,59,17,20,8,0.6716,2000,1468,532,125,62.5,0.6715,0.02,5.0,0.6154,182,112,0.5814,3
1,Ad-hoc,scaling,67,60,17,20,7,0.6567,2000,1490,510,118,59.0,0.686,0.02,5.0,0.5517,203,112,0.5862,4
1,Ad-hoc,scaling,67,57,17,20,10,0.7015,2000,1508,492,126,63.0,0.691,0.02,5.0,0.6351,211,134,0.5833,5
1,Ad-hoc,scaling,67,56,17,20,11,0.7164,2000,1468,532,135,67.5,0.6665,0.02,5.0,0.5545,220,122,0.5518,6
1,Ad-hoc,scaling,67,58,17,20,9,0.6866,2000,1497,503,117,58.5,0.69,0.02,5.0,0.6193,197,122,0.5926,7
1,Ad-hoc,scaling,67,57,17,20,10,0.7015,2000,1471,529,103,51.5,0.684,0.02,5.0,0.6114,193,118,0.6006,8
1,Ad-hoc,scaling,67,60,17,20,7,0.6567,2000,1501,499,140,70.0,0.6805,0.02,5.0,0.6359,217,138,0.5752,9
1,Ad-hoc,scaling,67,51,17,20,16,0.791,2000,1514,486,118,59.0,0.698,0.02,5.0,0.575,200,115,0.5664,10
1,Ad-hoc,scaling,67,48,17,20,19,0.8358,2000,1509,491,123,61.5,0.693,0.02,5.0,0.6238,210,131,0.5583,11
1,Ad-hoc,scaling,67,56,17,20,11,0.7164,2000,1507,493,132,66.0,0.6875,0.02,5.0,0.5648,193,109,0.5627,12
1,Ad-hoc,scaling,67,58,17,20,9,0.6866,2000,1471,529,135,67.5,0.668,0.02,5.0,0.5789,209,121,0.5619,13
1,Ad-hoc,scaling,67,58,17,20,9,0.6866,2000,1459,541,134,67.0,0.6625,0.02,5.0,0.6096,187,114,0.5659,14
1,Ad-hoc,scaling,67,49,17,20,18,0.8209,2000,1511,489,110,55.0,0.7005,0.02,5.0,0.6596,188,124,0.5819,15
1,Ad-hoc,scaling,67,56,17,20,11,0.7164,2000,1501,499,128,64.0,0.6865,0.02,5.0,0.5514,214,118,0.5644,16
1,Ad-hoc,scaling,67,59,17,20,8,0.6716,2000,1476,524,101,50.5,0.6875,0.02,5.0,0.6049,205,124,0.6087,17
1,Ad-hoc,scaling,67,61,17,20,6,0.6418,2000,1541,459,119,59.5,0.711,0.02,5.0,0.5922,206,122,0.6018,18
1,Ad-hoc,scaling,67,60,17,20,7,0.6567,2000,1470,530,94,47.0,0.688,0.02,5.0,0.6146,205,126,0.6203,19
1,Ad-hoc,scaling,67,52,17,20,15,0.7761,2000,1493,507,150,75.0,0.6715,0.02,5.0,0.5507,207,114,0.5258,20
1,Ad-hoc,scaling,67,56,17,20,11,0.7164,2000,1491,509,135,67.5,0.678,0.02,5.0,0.6098,205,125,0.5636,21
1,Ad-hoc,scaling,67,55,17,20,12,0.7313,2000,1499,501,122,61.0,0.6885,0.02,5.0,0.5991,212,127,0.5751,22
1,Ad-hoc,scaling,67,55,17,20,12,0.7313,2000,1514,486,122,61.0,0.696,0.02,5.0,0.5642,218,123,0.5722,23
1,Ad-hoc,scaling,67,59,17,20,8,0.6716,2000,1512,488,100,50.0,0.706,0.02,5.0,0.6114,193,118,0.6162,24
1,Ad-hoc,scaling,67,60,17,20,7,0.6567,2000,1485,515,131,65.5,0.677,0.02,5.0,0.599,197,118,0.5776,25
1,Ad-hoc,scaling,67,58,17,20,9,0.6866,2000,1478,522,117,58.5,0.6805,0.02,5.0,0.6425,207,133,0.5932,26
1,Ad-hoc,scaling,67,61,17,20,6,0.6418,2000,1495,505,114,57.0,0.6905,0.02,5.0,0.6445,211,136,0.6085,27
1,Ad-hoc,scaling,67,58,17,20,9,0.6866,2000,1458,542,135,67.5,0.6615,0.02,5.0,0.6455,189,122,0.57,28
1,Ad-hoc,scaling,67,54,17,20,13,0.7463,2000,1506,494,114,57.0,0.696,0.02,5.0,0.5728,206,118,0.5785,29
2,Reactive,scaling,62,57,12,13,5,0.4839,2000,1546,454,71,35.5,0.7375,0.06,9.0,0.6425,179,115,0.6908,0
2,Reactive,scaling,62,55,12,16,7,0.5645,2000,1528,472,78,39.0,0.725,0.06,9.0,0.6394,208,133,0.6635,1
2,Reactive,scaling,62,55,12,15,7,0.5484,2000,1516,484,79,39.5,0.7185,0.06,9.0,0.6411,209,134,0.664,2
2,Reactive,scaling,62,56,12,12,6,0.4839,2000,1491,509,72,36.0,0.7095,0.06,9.0,0.5943,212,126,0.6742,3
2,Reactive,scaling,62,53,12,16,9,0.5968,2000,1521,479,82,41.0,0.7195,0.06,9.0,0.5942,207,123,0.6446,4
2,Reactive,scaling,62,59,12,11,3,0.4194,2000,1537,463,76,38.0,0.7305,0.06,9.0,0.5855,193,113,0.6881,5
2,Reactive,scaling,62,57,12,13,5,0.4839,2000,1522,478,75,37.5,0.7235,0.06,9.0,0.6346,208,132,0.6815,6
2,Reactive,scaling,62,53,12,12,9,0.5323,2000,1548,452,69,34.5,0.7395,0.06,9.0,0.6031,194,117,0.6779,7
2,Reactive,scaling,62,61,12,16,1,0.4677,2000,1488,512,76,38.0,0.706,0.06,9.0,0.5622,185,104,0.6676,8
2,Reactive,scaling,62,61,12,15,1,0.4516,2000,1501,499,69,34.5,0.716,0.06,9.0,0.6205,195,121,0.6896,9
2,Reactive,scaling,62,55,12,16,7,0.5645,2000,1515,485,81,40.5,0.717,0.06,9.0,0.5517,203,112,0.645,10
2,Reactive,scaling,62,52,12,12,10,0.5484,2000,1512,488,84,42.0,0.714,0.06,9.0,0.6432,199,128,0.658,11
2,Reactive,scaling,62,57,12,12,5,0.4677,2000,1498,502,94,47.0,0.702,0.06,9.0,0.6183,186,115,0.6568,12
2,Reactive,scaling,62,58,12,14,4,0.4839,2000,1522,478,93,46.5,0.7145,0.06,9.0,0.5765,196,113,0.6521,13
2,Reactive,scaling,62,55,12,18,7,0.5968,2000,1491,509,87,43.5,0.702,0.06,9.0,0.6109,221,135,0.6369,14
2,Reactive,scaling,62,53,12,16,9,0.5968,2000,1555,445,80,40.0,0.7375,0.06,9.0,0.5446,202,110,0.6446,15
2,Reactive,scaling,62,57,12,9,5,0.4194,2000,1540,460,77,38.5,0.7315,0.06,9.0,0.6414,198,127,0.6958,16
2,Reactive,scaling,62,56,12,12,6,0.4839,2000,1507,493,95,47.5,0.706,0.06,9.0,0.6106,208,127,0.6526,17
2,Reactive,scaling,62,56,12,19,6,0.5968,2000,1536,464,81,40.5,0.7275,0.06,9.0,0.5864,191,112,0.6469,18
2,Reactive,scaling,62,56,12,13,6,0.5,2000,1519,481,98,49.0,0.7105,0.06,9.0,0.56,200,112,0.6401,19
2,Reactive,scaling,62,57,12,14,5,0.5,2000,1532,468,83,41.5,0.7245,0.06,9.0,0.575,200,115,0.6616,20
2,Reactive,scaling,62,52,12,17,10,0.629,2000,1529,471,82,41.0,0.7235,0.06,9.0,0.6077,209,127,0.6414,21
2,Reactive,scaling,62,56,12,13,6,0.5,2000,1515,485,84,42.0,0.7155,0.06,9.0,0.604,202,122,0.6622,22
2,Reactive,scaling,62,56,12,14,6,0.5161,2000,1520,480,74,37.0,0.723,0.06,9.0,0.5272,184,97,0.6598,23
2,Reactive,scaling,62,59,12,13,3,0.4516,2000,1525,475,71,35.5,0.727,0.06,9.0,0.5821,201,117,0.6851,24
2,Reactive,scaling,62,59,12,14,3,0.4677,2000,1520,480,84,42.0,0.718,0.06,9.0,0.6588,211,139,0.6777,25
2,Reactive,scaling,62,59,12,13,3,0.4516,2000,1508,492,73,36.5,0.7175,0.06,9.0,0.6091,197,120,0.6843,26
2,Reactive,scaling,62,57,12,13,5,0.4839,2000,1551,449,71,35.5,0.74,0.06,9.0,0.6257,187,117,0.6891,27
2,Reactive,scaling,62,53,12,15,9,0.5806,2000,1541,459,76,38.0,0.7325,0.06,9.0,0.5853,217,127,0.6564,28
2,Reactive,scaling,62,53,12,17,9,0.6129,2000,1513,487,79,39.5,0.717,0.06,9.0,0.6534,176,115,0.6525,29
3,Defined,scaling,56,53,6,11,3,0.3571,2000,1747,253,21,10.5,0.863,0.12,12.0,0.89,200,178,0.832,0
3,Defined,scaling,56,51,6,17,5,0.5,2000,1722,278,27,13.5,0.8475,0.12,12.0,0.8991,218,196,0.7941,1
3,Defined,scaling,56,54,6,14,2,0.3929,2000,1746,254,32,16.0,0.857,0.12,12.0,0.881,210,185,0.8107,2
3,Defined,scaling,56,54,6,13,2,0.375,2000,1727,273,29,14.5,0.849,0.12,12.0,0.8901,182,162,0.8162,3
3,Defined,scaling,56,51,6,15,5,0.4643,2000,1737,263,27,13.5,0.855,0.12,12.0,0.9444,198,187,0.8103,4
3,Defined,scaling,56,54,6,15,2,0.4107,2000,1745,255,29,14.5,0.858,0.12,12.0,0.9171,217,199,0.8158,5
3,Defined,scaling,56,53,6,15,3,0.4286,2000,1717,283,26,13.0,0.8455,0.12,12.0,0.8762,210,184,0.8054,6
3,Defined,scaling,56,49,6,13,7,0.4643,2000,1747,253,18,9.0,0.8645,0.12,12.0,0.8895,190,169,0.8139,7
3,Defined,scaling,56,53,6,17,3,0.4643,2000,1741,259,32,16.0,0.8545,0.12,12.0,0.892,176,157,0.7973,8
3,Defined,scaling,56,53,6,10,3,0.3393,2000,1751,249,22,11.0,0.8645,0.12,12.0,0.9059,202,183,0.8374,9
3,Defined,scaling,56,54,6,15,2,0.4107,2000,1743,257,30,15.0,0.8565,0.12,12.0,0.883,188,166,0.8093,10
3,Defined,scaling,56,50,6,16,6,0.5,2000,1715,285,26,13.0,0.8445,0.12,12.0,0.8978,225,202,0.794,11
3,Defined,scaling,56,52,6,13,4,0.4107,2000,1717,283,22,11.0,0.8475,0.12,12.0,0.9175,206,189,0.8197,12
3,Defined,scaling,56,54,6,16,2,0.4286,2000,1726,274,30,15.0,0.848,0.12,12.0,0.9529,191,182,0.8136,13
3,Defined,scaling,56,52,6,15,4,0.4464,2000,1734,266,26,13.0,0.854,0.12,12.0,0.8708,209,182,0.8035,14
3,Defined,scaling,56,54,6,12,2,0.3571,2000,1749,251,21,10.5,0.864,0.12,12.0,0.9005,191,172,0.8338,15
3,Defined,scaling,56,55,6,11,1,0.3214,2000,1718,282,22,11.0,0.848,0.12,12.0,0.9087,219,199,0.8364,16
3,Defined,scaling,56,54,6,13,2,0.375,2000,1764,236,18,9.0,0.873,0.12,12.0,0.8762,202,177,0.8323,17
3,Defined,scaling,56,51,6,16,5,0.4821,2000,1725,275,39,19.5,0.843,0.12,12.0,0.8838,198,175,0.782,18
3,Defined,scaling,56,55,6,13,1,0.3571,2000,1726,274,31,15.5,0.8475,0.12,12.0,0.8732,205,179,0.8148,19
3,Defined,scaling,56,54,6,16,2,0.4286,2000,1747,253,26,13.0,0.8605,0.12,12.0,0.92,200,184,0.8164,20
3,Defined,scaling,56,55,6,14,1,0.375,2000,1735,265,28,14.0,0.8535,0.12,12.0,0.8906,192,171,0.8186,21
3,Defined,scaling,56,54,6,14,2,0.3929,2000,1740,260,28,14.0,0.856,0.12,12.0,0.9087,208,189,0.8185,22
3,Defined,scaling,56,53,6,15,3,0.4286,2000,1739,261,43,21.5,0.848,0.12,12.0,0.84,200,168,0.7837,23
3,Defined,scaling,56,50,6,14,6,0.4643,2000,1721,279,25,12.5,0.848,0.12,12.0,0.8798,183,161,0.8005,24
3,Defined,scaling,56,53,6,14,3,0.4107,2000,1736,264,34,17.0,0.851,0.12,12.0,0.8858,219,194,0.804,25
3,Defined,scaling,56,55,6,13,1,0.3571,2000,1732,268,21,10.5,0.8555,0.12,12.0,0.8884,215,191,0.8295,26
3,Defined,scaling,56,55,6,12,1,0.3393,2000,1744,256,25,12.5,0.8595,0.12,12.0,0.8643,221,191,0.8266,27
3,Defined,scaling,56,50,6,14,6,0.4643,2000,1710,290,26,13.0,0.842,0.12,12.0,0.8493,219,186,0.7931,28
3,Defined,scaling,56,50,6,16,6,0.5,2000,1734,266,29,14.5,0.8525,0.12,12.0,0.9147,211,193,0.796,29
4,Managed,scaling,52,52,2,4,0,0.1154,2000,1808,192,8,4.0,0.9,0.18,14.7,0.9405,168,158,0.903,0
4,Managed,scaling,52,52,2,4,0,0.1154,2000,1792,208,4,2.0,0.894,0.18,14.7,0.9144,187,171,0.9013,1
4,Managed,scaling,52,52,2,4,0,0.1154,2000,1785,215,1,0.5,0.892,0.18,14.7,0.9459,185,175,0.9084,2
4,Managed,scaling,52,50,2,3,2,0.1346,2000,1782,218,9,4.5,0.8865,0.18,14.7,0.9216,204,188,0.8913,3
4,Managed,scaling,52,52,2,3,0,0.0962,2000,1781,219,6,3.0,0.8875,0.18,14.7,0.9358,187,175,0.9044,4
4,Managed,scaling,52,51,2,3,1,0.1154,2000,1796,204,5,2.5,0.8955,0.18,14.7,0.9316,190,177,0.9033,5
4,Managed,scaling,52,52,2,6,0,0.1538,2000,1791,209,10,5.0,0.8905,0.18,14.7,0.8934,197,176,0.8834,6
4,Managed,scaling,52,51,2,3,1,0.1154,2000,1768,232,7,3.5,0.8805,0.18,14.7,0.9056,180,163,0.8929,7
4,Managed,scaling,52,52,2,0,0,0.0385,2000,1789,211,16,8.0,0.8865,0.18,14.7,0.9476,191,181,0.9074,8
4,Managed,scaling,52,52,2,3,0,0.0962,2000,1795,205,1,0.5,0.897,0.18,14.7,0.9405,185,174,0.913,9
4,Managed,scaling,52,52,2,4,0,0.1154,2000,1813,187,7,3.5,0.903,0.18,14.7,0.9219,192,177,0.9021,10
4,Managed,scaling,52,52,2,2,0,0.0769,2000,1784,216,2,1.0,0.891,0.18,14.7,0.9305,187,174,0.9125,11
4,Managed,scaling,52,52,2,5,0,0.1346,2000,1818,182,3,1.5,0.9075,0.18,14.7,0.9471,189,179,0.9074,12
4,Managed,scaling,52,52,2,2,0,0.0769,2000,1781,219,8,4.0,0.8865,0.18,14.7,0.9238,210,194,0.9041,13
4,Managed,scaling,52,52,2,2,0,0.0769,2000,1786,214,6,3.0,0.89,0.18,14.7,0.9388,196,184,0.9094,14
4,Managed,scaling,52,52,2,2,0,0.0769,2000,1775,225,6,3.0,0.8845,0.18,14.7,0.9507,223,212,0.9096,15
4,Managed,scaling,52,51,2,4,1,0.1346,2000,1775,225,6,3.0,0.8845,0.18,14.7,0.9223,193,178,0.8938,16
4,Managed,scaling,52,51,2,3,1,0.1154,2000,1789,211,10,5.0,0.8895,0.18,14.7,0.9317,205,191,0.8965,17
4,Managed,scaling,52,52,2,1,0,0.0577,2000,1792,208,5,2.5,0.8935,0.18,14.7,0.9522,230,219,0.9173,18
4,Managed,scaling,52,52,2,3,0,0.0962,2000,1798,202,8,4.0,0.895,0.18,14.7,0.9115,192,175,0.901,19
4,Managed,scaling,52,52,2,4,0,0.1154,2000,1790,210,8,4.0,0.891,0.18,14.7,0.875,192,168,0.8905,20
4,Managed,scaling,52,52,2,5,0,0.1346,2000,1766,234,9,4.5,0.8785,0.18,14.7,0.8932,206,184,0.8846,21
4,Managed,scaling,52,52,2,1,0,0.0577,2000,1784,216,10,5.0,0.887,0.18,14.7,0.9444,198,187,0.9092,22
4,Managed,scaling,52,51,2,3,1,0.1154,2000,1781,219,15,7.5,0.883,0.18,14.7,0.9282,209,194,0.8891,23
4,Managed,scaling,52,50,2,7,2,0.2115,2000,1773,227,4,2.0,0.8845,0.18,14.7,0.9151,212,194,0.8793,24
4,Managed,scaling,52,52,2,0,0,0.0385,2000,1785,215,10,5.0,0.8875,0.18,14.7,0.9289,197,183,0.9109,25
4,Managed,scaling,52,51,2,2,1,0.0962,2000,1791,209,8,4.0,0.8915,0.18,14.7,0.933,209,195,0.9032,26
4,Managed,scaling,52,52,2,1,0,0.0577,2000,1787,213,9,4.5,0.889,0.18,14.7,0.887,177,157,0.9022,27
4,Managed,scaling,52,50,2,2,2,0.1154,2000,1798,202,2,1.0,0.898,0.18,14.7,0.9333,180,168,0.9073,28
4,Managed,scaling,52,52,2,5,0,0.1346,2000,1794,206,6,3.0,0.894,0.18,14.7,0.9688,192,186,0.9036,29
5,Optimized,scaling,51,51,1,3,0,0.0784,2000,1860,140,7,3.5,0.9265,0.16,12.0,0.9701,201,195,0.9268,0
5,Optimized,scaling,51,51,1,1,0,0.0392,2000,1857,143,5,2.5,0.926,0.16,12.0,0.9767,172,168,0.9375,1
5,Optimized,scaling,51,51,1,2,0,0.0588,2000,1837,163,8,4.0,0.9145,0.16,12.0,0.9643,196,189,0.9252,2
5,Optimized,scaling,51,51,1,2,0,0.0588,2000,1860,140,4,2.0,0.928,0.16,12.0,0.9663,178,172,0.9336,3
5,Optimized,scaling,51,50,1,3,1,0.098,2000,1858,142,3,1.5,0.9275,0.16,12.0,0.9712,208,202,0.9273,4
5,Optimized,scaling,51,50,1,3,1,0.098,2000,1841,159,3,1.5,0.919,0.16,12.0,0.9842,190,187,0.9267,5
5,Optimized,scaling,51,51,1,1,0,0.0392,2000,1868,132,7,3.5,0.9305,0.16,12.0,0.9543,197,188,0.9335,6
5,Optimized,scaling,51,51,1,4,0,0.098,2000,1843,157,6,3.0,0.9185,0.16,12.0,0.9676,185,179,0.9211,7
5,Optimized,scaling,51,51,1,2,0,0.0588,2000,1846,154,5,2.5,0.9205,0.16,12.0,0.9745,196,191,0.9316,8
5,Optimized,scaling,51,51,1,4,0,0.098,2000,1857,143,3,1.5,0.927,0.16,12.0,0.9385,195,183,0.9223,9
5,Optimized,scaling,51,51,1,5,0,0.1176,2000,1852,148,6,3.0,0.923,0.16,12.0,0.9657,204,197,0.9182,10
5,Optimized,scaling,51,51,1,4,0,0.098,2000,1866,134,8,4.0,0.929,0.16,12.0,0.9415,205,193,0.9183,11
5,Optimized,scaling,51,50,1,0,1,0.0392,2000,1850,150,5,2.5,0.9225,0.16,12.0,0.9615,182,175,0.9341,12
5,Optimized,scaling,51,51,1,2,0,0.0588,2000,1868,132,6,3.0,0.931,0.16,12.0,0.9574,188,180,0.9312,13
5,Optimized,scaling,51,51,1,3,0,0.0784,2000,1839,161,8,4.0,0.9155,0.16,12.0,0.9519,187,178,0.9197,14
5,Optimized,scaling,51,51,1,2,0,0.0588,2000,1849,151,2,1.0,0.9235,0.16,12.0,0.9805,205,201,0.9364,15
5,Optimized,scaling,51,51,1,3,0,0.0784,2000,1845,155,4,2.0,0.9205,0.16,12.0,0.963,216,208,0.9269,16
5,Optimized,scaling,51,51,1,2,0,0.0588,2000,1842,158,12,6.0,0.915,0.16,12.0,0.9538,195,186,0.9198,17
5,Optimized,scaling,51,51,1,3,0,0.0784,2000,1852,148,1,0.5,0.9255,0.16,12.0,0.9691,194,188,0.9323,18
5,Optimized,scaling,51,51,1,0,0,0.0196,2000,1855,145,6,3.0,0.9245,0.16,12.0,0.9366,205,192,0.9339,19
5,Optimized,scaling,51,51,1,3,0,0.0784,2000,1866,134,2,1.0,0.932,0.16,12.0,0.974,192,187,0.934,20
5,Optimized,scaling,51,51,1,3,0,0.0784,2000,1844,156,6,3.0,0.919,0.16,12.0,0.9583,192,184,0.9238,21
5,Optimized,scaling,51,51,1,3,0,0.0784,2000,1863,137,8,4.0,0.9275,0.16,12.0,0.9589,219,210,0.9244,22
5,Optimized,scaling,51,51,1,3,0,0.0784,2000,1876,124,7,3.5,0.9345,0.16,12.0,0.9521,188,179,0.9265,23
5,Optimized,scaling,51,51,1,3,0,0.0784,2000,1875,125,5,2.5,0.935,0.16,12.0,0.9567,208,199,0.9293,24
5,Optimized,scaling,51,50,1,4,1,0.1176,2000,1850,150,5,2.5,0.9225,0.16,12.0,0.9485,194,184,0.9165,25
5,Optimized,scaling,51,51,1,5,0,0.1176,2000,1868,132,4,2.0,0.932,0.16,12.0,0.9581,191,183,0.9218,26
5,Optimized,scaling,51,51,1,3,0,0.0784,2000,1856,144,5,2.5,0.9255,0.16,12.0,0.9607,229,220,0.9271,27
5,Optimized,scaling,51,51,1,2,0,0.0588,2000,1868,132,5,2.5,0.9315,0.16,12.0,0.9655,203,196,0.9335,28
5,Optimized,scaling,51,51,1,3,0,0.0784,2000,1865,135,6,3.0,0.9295,0.16,12.0,0.9612,206,198,0.9273,29
1,Ad-hoc,cross_functional,47,43,12,5,4,0.4468,1500,1158,342,86,57.33,0.7147,0.02,5.0,0.6207,145,90,0.6505,0
1,Ad-hoc,cross_functional,47,40,12,5,7,0.5106,1500,1139,361,95,63.33,0.696,0.02,5.0,0.5906,149,88,0.6156,1
1,Ad-hoc,cross_functional,47,44,12,5,3,0.4255,1500,1127,373,85,56.67,0.6947,0.02,5.0,0.6288,132,83,0.6513,2
1,Ad-hoc,cross_functional,47,41,12,5,6,0.4894,1500,1127,373,71,47.33,0.704,0.02,5.0,0.6241,141,88,0.6593,3
1,Ad-hoc,cross_functional,47,44,12,5,3,0.4255,1500,1155,345,85,56.67,0.7133,0.02,5.0,0.6467,150,97,0.6596,4
1,Ad-hoc,cross_functional,47,42,12,5,5,0.4681,1500,1127,373,90,60.0,0.6913,0.02,5.0,0.6783,143,97,0.6425,5
1,Ad-hoc,cross_functional,47,43,12,5,4,0.4468,1500,1116,384,87,58.0,0.686,0.02,5.0,0.5926,162,96,0.6363,6
1,Ad-hoc,cross_functional,47,38,12,5,9,0.5532,1500,1131,369,84,56.0,0.698,0.02,5.0,0.5943,175,104,0.6229,7
1,Ad-hoc,cross_functional,47,36,12,5,11,0.5957,1500,1159,341,82,54.67,0.718,0.02,5.0,0.6121,165,101,0.6257,8
1,Ad-hoc,cross_functional,47,40,12,5,7,0.5106,1500,1116,384,87,58.0,0.686,0.02,5.0,0.5753,146,84,0.621,9
1,Ad-hoc,cross_functional,47,44,12,5,3,0.4255,1500,1114,386,90,60.0,0.6827,0.02,5.0,0.6296,135,85,0.6411,10
1,Ad-hoc,cross_functional,47,43,12,5,4,0.4468,1500,1131,369,78,52.0,0.702,0.02,5.0,0.6133,150,92,0.6562,11
1,Ad-hoc,cross_functional,47,41,12,5,6,0.4894,1500,1109,391,90,60.0,0.6793,0.02,5.0,0.6738,141,95,0.634,12
1,Ad-hoc,cross_functional,47,39,12,5,8,0.5319,1500,1149,351,83,55.33,0.7107,0.02,5.0,0.617,141,87,0.6357,13
1,Ad-hoc,cross_functional,47,38,12,5,9,0.5532,1500,1145,355,87,58.0,0.7053,0.02,5.0,0.5649,154,87,0.6167,14
1,Ad-hoc,cross_functional,47,39,12,5,8,0.5319,1500,1122,378,85,56.67,0.6913,0.02,5.0,0.5811,148,86,0.6218,15
1,Ad-hoc,cross_functional,47,40,12,5,7,0.5106,1500,1137,363,93,62.0,0.696,0.02,5.0,0.5677,155,88,0.6148,16
1,Ad-hoc,cross_functional,47,40,12,5,7,0.5106,1500,1149,351,82,54.67,0.7113,0.02,5.0,0.6901,142,98,0.6525,17
1,Ad-hoc,cross_functional,47,37,12,5,10,0.5745,1500,1155,345,84,56.0,0.714,0.02,5.0,0.6357,140,89,0.6297,18
1,Ad-hoc,cross_functional,47,41,12,5,6,0.4894,1500,1115,385,100,66.67,0.6767,0.02,5.0,0.6883,154,106,0.622,19
1,Ad-hoc,cross_functional,47,41,12,5,6,0.4894,1500,1122,378,86,57.33,0.6907,0.02,5.0,0.6169,154,95,0.6342,20
1,Ad-hoc,cross_functional,47,39,12,5,8,0.5319,1500,1145,355,90,60.0,0.7033,0.02,5.0,0.5472,159,87,0.6137,21
1,Ad-hoc,cross_functional,47,44,12,5,3,0.4255,1500,1144,356,101,67.33,0.6953,0.02,5.0,0.6358,151,96,0.6312,22
1,Ad-hoc,cross_functional,47,38,12,5,9,0.5532,1500,1137,363,79,52.67,0.7053,0.02,5.0,0.6178,157,97,0.6353,23
1,Ad-hoc,cross_functional,47,43,12,5,4,0.4468,1500,1159,341,76,50.67,0.722,0.02,5.0,0.6093,151,92,0.6643,24
1,Ad-hoc,cross_functional,47,40,12,5,7,0.5106,1500,1114,386,78,52.0,0.6907,0.02,5.0,0.6154,156,96,0.6404,25
1,Ad-hoc,cross_functional,47,39,12,5,8,0.5319,1500,1153,347,102,68.0,0.7007,0.02,5.0,0.5448,145,79,0.5965,26
1,Ad-hoc,cross_functional,47,38,12,5,9,0.5532,1500,1117,383,100,66.67,0.678,0.02,5.0,0.596,151,90,0.5958,27
1,Ad-hoc,cross_functional,47,44,12,5,3,0.4255,1500,1131,369,76,50.67,0.7033,0.02,5.0,0.5594,143,80,0.6555,28
1,Ad-hoc,cross_functional,47,42,12,5,5,0.4681,1500,1117,383,88,58.67,0.686,0.02,5.0,0.6781,146,99,0.6436,29
2,Reactive,cross_functional,43,38,8,2,5,0.3488,1500,1164,336,72,48.0,0.728,0.06,9.0,0.6029,136,82,0.6841,0
2,Reactive,cross_functional,43,39,8,4,4,0.3721,1500,1167,333,65,43.33,0.7347,0.06,9.0,0.65,160,104,0.6978,1
2,Reactive,cross_functional,43,38,8,3,5,0.3721,1500,1158,342,56,37.33,0.7347,0.06,9.0,0.6138,145,89,0.7044,2
2,Reactive,cross_functional,43,37,8,2,6,0.3721,1500,1135,365,62,41.33,0.7153,0.06,9.0,0.6148,135,83,0.6907,3
2,Reactive,cross_functional,43,37,8,2,6,0.3721,1500,1140,360,69,46.0,0.714,0.06,9.0,0.6286,140,88,0.6831,4
2,Reactive,cross_functional,43,36,8,1,7,0.3721,1500,1172,328,72,48.0,0.7333,0.06,9.0,0.6433,157,101,0.6871,5
2,Reactive,cross_functional,43,41,8,5,2,0.3488,1500,1177,323,68,45.33,0.7393,0.06,9.0,0.585,147,86,0.6901,6
2,Reactive,cross_functional,43,37,8,3,6,0.3953,1500,1133,367,60,40.0,0.7153,0.06,9.0,0.6027,146,88,0.6869,7
2,Reactive,cross_functional,43,40,8,4,3,0.3488,1500,1132,368,54,36.0,0.7187,0.06,9.0,0.551,147,81,0.6975,8
2,Reactive,cross_functional,43,39,8,5,4,0.3953,1500,1150,350,68,45.33,0.7213,0.06,9.0,0.5886,158,93,0.676,9
2,Reactive,cross_functional,43,40,8,5,3,0.3721,1500,1124,376,69,46.0,0.7033,0.06,9.0,0.5652,161,91,0.6704,10
2,Reactive,cross_functional,43,39,8,4,4,0.3721,1500,1153,347,60,40.0,0.7287,0.06,9.0,0.5227,132,69,0.6836,11
2,Reactive,cross_functional,43,37,8,3,6,0.3953,1500,1153,347,67,44.67,0.724,0.06,9.0,0.6228,167,104,0.6832,12
2,Reactive,cross_functional,43,40,8,2,3,0.3023,1500,1169,331,70,46.67,0.7327,0.06,9.0,0.6299,154,97,0.7015,13
2,Reactive,cross_functional,43,36,8,2,7,0.3953,1500,1175,325,56,37.33,0.746,0.06,9.0,0.6835,158,108,0.7136,14
2,Reactive,cross_functional,43,40,8,4,3,0.3488,1500,1176,324,64,42.67,0.7413,0.06,9.0,0.5974,154,92,0.6979,15
2,Reactive,cross_functional,43,43,8,3,0,0.2558,1500,1172,328,69,46.0,0.7353,0.06,9.0,0.6099,141,86,0.7099,16
2,Reactive,cross_functional,43,40,8,3,3,0.3256,1500,1172,328,58,38.67,0.7427,0.06,9.0,0.649,151,98,0.7187,17
2,Reactive,cross_functional,43,38,8,3,5,0.3721,1500,1183,317,59,39.33,0.7493,0.06,9.0,0.5342,146,78,0.6929,18
2,Reactive,cross_functional,43,41,8,3,2,0.3023,1500,1132,368,60,40.0,0.7147,0.06,9.0,0.6101,159,97,0.7064,19
2,Reactive,cross_functional,43,40,8,5,3,0.3721,1500,1170,330,64,42.67,0.7373,0.06,9.0,0.5214,140,73,0.6807,20
2,Reactive,cross_functional,43,39,8,3,4,0.3488,1500,1140,360,55,36.67,0.7233,0.06,9.0,0.5767,163,94,0.7014,21
2,Reactive,cross_functional,43,41,8,3,2,0.3023,1500,1160,340,49,32.67,0.7407,0.06,9.0,0.5503,149,82,0.72,22
2,Reactive,cross_functional,43,40,8,3,3,0.3256,1500,1156,344,69,46.0,0.7247,0.06,9.0,0.5948,153,91,0.6905,23
2,Reactive,cross_functional,43,41,8,4,2,0.3256,1500,1147,353,52,34.67,0.73,0.06,9.0,0.589,146,86,0.7139,24
2,Reactive,cross_functional,43,38,8,4,5,0.3953,1500,1186,314,57,38.0,0.7527,0.06,9.0,0.5802,131,76,0.6988,25
2,Reactive,cross_functional,43,40,8,4,3,0.3488,1500,1143,357,56,37.33,0.7247,0.06,9.0,0.5887,141,83,0.7023,26
2,Reactive,cross_functional,43,40,8,4,3,0.3488,1500,1140,360,60,40.0,0.72,0.06,9.0,0.6145,179,110,0.6994,27
2,Reactive,cross_functional,43,39,8,3,4,0.3488,1500,1149,351,72,48.0,0.718,0.06,9.0,0.5894,151,89,0.679,28
2,Reactive,cross_functional,43,42,8,2,1,0.2558,1500,1158,342,71,47.33,0.7247,0.06,9.0,0.5724,152,87,0.6984,29
3,Defined,cross_functional,39,38,4,3,1,0.2051,1500,1313,187,19,12.67,0.8627,0.12,12.0,0.8758,161,141,0.8558,0
3,Defined,cross_functional,39,39,4,3,0,0.1795,1500,1302,198,15,10.0,0.858,0.12,12.0,0.8903,155,138,0.8671,1
3,Defined,cross_functional,39,36,4,4,3,0.2821,1500,1339,161,19,12.67,0.88,0.12,12.0,0.9296,142,132,0.8537,2
3,Defined,cross_functional,39,37,4,4,2,0.2564,1500,1316,184,24,16.0,0.8613,0.12,12.0,0.9212,165,152,0.8453,3
3,Defined,cross_functional,39,36,4,2,3,0.2308,1500,1300,200,26,17.33,0.8493,0.12,12.0,0.8904,146,130,0.8395,4
3,Defined,cross_functional,39,35,4,3,4,0.2821,1500,1316,184,15,10.0,0.8673,0.12,12.0,0.9124,137,125,0.8527,5
3,Defined,cross_functional,39,39,4,3,0,0.1795,1500,1314,186,18,12.0,0.864,0.12,12.0,0.8817,169,149,0.8636,6
3,Defined,cross_functional,39,35,4,2,4,0.2564,1500,1312,188,26,17.33,0.8573,0.12,12.0,0.894,151,135,0.8374,7
3,Defined,cross_functional,39,37,4,3,2,0.2308,1500,1311,189,24,16.0,0.858,0.12,12.0,0.8824,153,135,0.8436,8
3,Defined,cross_functional,39,38,4,3,1,0.2051,1500,1317,183,20,13.33,0.8647,0.12,12.0,0.8389,149,125,0.8495,9
3,Defined,cross_functional,39,35,4,2,4,0.2564,1500,1284,216,22,14.67,0.8413,0.12,12.0,0.8758,161,141,0.8352,10
3,Defined,cross_functional,39,36,4,3,3,0.2564,1500,1309,191,26,17.33,0.8553,0.12,12.0,0.9146,164,150,0.8398,11
3,Defined,cross_functional,39,38,4,3,1,0.2051,1500,1315,185,16,10.67,0.866,0.12,12.0,0.9359,156,146,0.8698,12
3,Defined,cross_functional,39,37,4,4,2,0.2564,1500,1330,170,18,12.0,0.8747,0.12,12.0,0.9051,158,143,0.8549,13
3,Defined,cross_functional,39,35,4,2,4,0.2564,1500,1305,195,22,14.67,0.8553,0.12,12.0,0.906,149,135,0.8439,14
3,Defined,cross_functional,39,38,4,4,1,0.2308,1500,1306,194,22,14.67,0.856,0.12,12.0,0.8919,148,132,0.8471,15
3,Defined,cross_functional,39,37,4,4,2,0.2564,1500,1304,196,18,12.0,0.8573,0.12,12.0,0.8506,174,148,0.8415,16
3,Defined,cross_functional,39,36,4,5,3,0.3077,1500,1305,195,22,14.67,0.8553,0.12,12.0,0.9,160,144,0.8327,17
3,Defined,cross_functional,39,38,4,3,1,0.2051,1500,1334,166,11,7.33,0.882,0.12,12.0,0.92,150,138,0.8789,18
3,Defined,cross_functional,39,38,4,4,1,0.2308,1500,1306,194,25,16.67,0.854,0.12,12.0,0.8625,160,138,0.8381,19
3,Defined,cross_functional,39,35,4,5,4,0.3333,1500,1318,182,23,15.33,0.8633,0.12,12.0,0.8357,140,117,0.819,20
3,Defined,cross_functional,39,37,4,4,2,0.2564,1500,1322,178,16,10.67,0.8707,0.12,12.0,0.8831,154,136,0.8531,21
3,Defined,cross_functional,39,37,4,5,2,0.2821,1500,1304,196,28,18.67,0.8507,0.12,12.0,0.9257,148,137,0.8323,22
3,Defined,cross_functional,39,38,4,3,1,0.2051,1500,1320,180,19,12.67,0.8673,0.12,12.0,0.9296,142,132,0.8653,23
3,Defined,cross_functional,39,38,4,3,1,0.2051,1500,1318,182,20,13.33,0.8653,0.12,12.0,0.8882,170,151,0.8571,24
3,Defined,cross_functional,39,38,4,3,1,0.2051,1500,1307,193,27,18.0,0.8533,0.12,12.0,0.8757,177,155,0.8423,25
3,Defined,cross_functional,39,37,4,5,2,0.2821,1500,1334,166,25,16.67,0.8727,0.12,12.0,0.8462,143,121,0.831,26
3,Defined,cross_functional,39,37,4,4,2,0.2564,1500,1309,191,19,12.67,0.86,0.12,12.0,0.9026,154,139,0.8488,27
3,Defined,cross_functional,39,37,4,3,2,0.2308,1500,1323,177,25,16.67,0.8653,0.12,12.0,0.9058,138,125,0.848,28
3,Defined,cross_functional,39,37,4,5,2,0.2821,1500,1285,215,19,12.67,0.844,0.12,12.0,0.8562,146,125,0.8319,29
4,Managed,cross_functional,36,36,1,2,0,0.0833,1500,1311,189,3,2.0,0.872,0.18,14.7,0.9581,167,160,0.9076,0
4,Managed,cross_functional,36,36,1,2,0,0.0833,1500,1353,147,2,1.33,0.9007,0.18,14.7,0.9474,152,144,0.916,1
4,Managed,cross_functional,36,36,1,1,0,0.0556,1500,1330,170,1,0.67,0.886,0.18,14.7,0.962,158,152,0.9207,2
4,Managed,cross_functional,36,36,1,0,0,0.0278,1500,1357,143,3,2.0,0.9027,0.18,14.7,0.9455,165,156,0.9261,3
4,Managed,cross_functional,36,36,1,1,0,0.0556,1500,1360,140,4,2.67,0.904,0.18,14.7,0.958,143,137,0.9215,4
4,Managed,cross_functional,36,36,1,1,0,0.0556,1500,1328,172,4,2.67,0.8827,0.18,14.7,0.9603,151,145,0.9154,5
4,Managed,cross_functional,36,36,1,0,0,0.0278,1500,1318,182,3,2.0,0.8767,0.18,14.7,0.956,159,152,0.9198,6
4,Managed,cross_functional,36,35,1,0,1,0.0556,1500,1330,170,3,2.0,0.8847,0.18,14.7,0.9608,153,147,0.9174,7
4,Managed,cross_functional,36,36,1,3,0,0.1111,1500,1357,143,2,1.33,0.9033,0.18,14.7,0.9448,145,137,0.9108,8
4,Managed,cross_functional,36,35,1,1,1,0.0833,1500,1347,153,3,2.0,0.896,0.18,14.7,0.9477,153,145,0.9133,9
4,Managed,cross_functional,36,36,1,0,0,0.0278,1500,1350,150,6,4.0,0.896,0.18,14.7,0.9214,140,129,0.9165,10
4,Managed,cross_functional,36,36,1,0,0,0.0278,1500,1347,153,9,6.0,0.892,0.18,14.7,0.9539,152,145,0.9161,11
4,Managed,cross_functional,36,36,1,0,0,0.0278,1500,1348,152,11,7.33,0.8913,0.18,14.7,0.9264,163,151,0.9091,12
4,Managed,cross_functional,36,36,1,0,0,0.0278,1500,1343,157,5,3.33,0.892,0.18,14.7,0.9367,158,148,0.9189,13
4,Managed,cross_functional,36,36,1,0,0,0.0278,1500,1347,153,3,2.0,0.896,0.18,14.7,0.9384,146,137,0.923,14
4,Managed,cross_functional,36,35,1,0,1,0.0556,1500,1344,156,7,4.67,0.8913,0.18,14.7,0.9459,148,140,0.9118,15
4,Managed,cross_functional,36,36,1,0,0,0.0278,1500,1349,151,4,2.67,0.8967,0.18,14.7,0.9686,159,154,0.9264,16
4,Managed,cross_functional,36,36,1,1,0,0.0556,1500,1360,140,2,1.33,0.9053,0.18,14.7,0.9272,151,140,0.9199,17
4,Managed,cross_functional,36,36,1,1,0,0.0556,1500,1330,170,7,4.67,0.882,0.18,14.7,0.9276,152,141,0.9063,18
4,Managed,cross_functional,36,36,1,0,0,0.0278,1500,1337,163,4,2.67,0.8887,0.18,14.7,0.942,138,130,0.92,19
4,Managed,cross_functional,36,36,1,1,0,0.0556,1500,1332,168,2,1.33,0.8867,0.18,14.7,0.9301,143,133,0.9147,20
4,Managed,cross_functional,36,35,1,1,1,0.0833,1500,1339,161,0,0.0,0.8927,0.18,14.7,0.9861,144,142,0.9221,21
4,Managed,cross_functional,36,36,1,0,0,0.0278,1500,1330,170,6,4.0,0.8827,0.18,14.7,0.9459,148,140,0.9161,22
4,Managed,cross_functional,36,36,1,0,0,0.0278,1500,1337,163,6,4.0,0.8873,0.18,14.7,0.9664,149,144,0.9206,23
4,Managed,cross_functional,36,36,1,1,0,0.0556,1500,1337,163,7,4.67,0.8867,0.18,14.7,0.9277,166,154,0.9077,24
4,Managed,cross_functional,36,36,1,2,0,0.0833,1500,1336,164,7,4.67,0.886,0.18,14.7,0.9295,156,145,0.9022,25
4,Managed,cross_functional,36,36,1,1,0,0.0556,1500,1335,165,2,1.33,0.8887,0.18,14.7,0.9412,153,144,0.917,26
4,Managed,cross_functional,36,36,1,1,0,0.0556,1500,1346,154,3,2.0,0.8953,0.18,14.7,0.9345,168,157,0.9167,27
4,Managed,cross_functional,36,35,1,3,1,0.1389,1500,1348,152,8,5.33,0.8933,0.18,14.7,0.9173,133,122,0.8901,28
4,Managed,cross_functional,36,36,1,1,0,0.0556,1500,1340,160,6,4.0,0.8893,0.18,14.7,0.9608,153,147,0.9148,29
5,Optimized,cross_functional,35,35,0,0,0,0.0,1500,1391,109,1,0.67,0.9267,0.16,12.0,1.0,162,162,0.9527,0
5,Optimized,cross_functional,35,35,0,1,0,0.0286,1500,1407,93,2,1.33,0.9367,0.16,12.0,1.0,143,143,0.9486,1
5,Optimized,cross_functional,35,35,0,2,0,0.0571,1500,1389,111,3,2.0,0.924,0.16,12.0,1.0,173,173,0.9378,2
5,Optimized,cross_functional,35,35,0,0,0,0.0,1500,1398,102,4,2.67,0.9293,0.16,12.0,1.0,137,137,0.9495,3
5,Optimized,cross_functional,35,35,0,0,0,0.0,1500,1396,104,0,0.0,0.9307,0.16,12.0,1.0,142,142,0.9552,4
5,Optimized,cross_functional,35,35,0,2,0,0.0571,1500,1392,108,4,2.67,0.9253,0.16,12.0,1.0,145,145,0.9368,5
5,Optimized,cross_functional,35,35,0,0,0,0.0,1500,1413,87,6,4.0,0.938,0.16,12.0,1.0,160,160,0.9494,6
5,Optimized,cross_functional,35,35,0,0,0,0.0,1500,1421,79,3,2.0,0.9453,0.16,12.0,1.0,152,152,0.9556,7
5,Optimized,cross_functional,35,35,0,1,0,0.0286,1500,1408,92,3,2.0,0.9367,0.16,12.0,1.0,150,150,0.9473,8
5,Optimized,cross_functional,35,35,0,2,0,0.0571,1500,1390,110,3,2.0,0.9247,0.16,12.0,1.0,140,140,0.938,9
5,Optimized,cross_functional,35,35,0,0,0,0.0,1500,1412,88,3,2.0,0.9393,0.16,12.0,1.0,163,163,0.9538,10
5,Optimized,cross_functional,35,35,0,1,0,0.0286,1500,1394,106,2,1.33,0.928,0.16,12.0,1.0,147,147,0.946,11
5,Optimized,cross_functional,35,34,0,0,1,0.0286,1500,1392,108,1,0.67,0.9273,0.16,12.0,1.0,153,153,0.9472,12
5,Optimized,cross_functional,35,35,0,1,0,0.0286,1500,1385,115,3,2.0,0.9213,0.16,12.0,1.0,153,153,0.9427,13
5,Optimized,cross_functional,35,35,0,1,0,0.0286,1500,1410,90,2,1.33,0.9387,0.16,12.0,1.0,149,149,0.9492,14
5,Optimized,cross_functional,35,35,0,0,0,0.0,1500,1398,102,3,2.0,0.93,0.16,12.0,1.0,167,167,0.951,15
5,Optimized,cross_functional,35,35,0,0,0,0.0,1500,1400,100,1,0.67,0.9327,0.16,12.0,1.0,127,127,0.9545,16
5,Optimized,cross_functional,35,35,0,1,0,0.0286,1500,1396,104,1,0.67,0.93,0.16,12.0,1.0,152,152,0.948,17
5,Optimized,cross_functional,35,35,0,1,0,0.0286,1500,1394,106,4,2.67,0.9267,0.16,12.0,1.0,147,147,0.943,18
5,Optimized,cross_functional,35,35,0,0,0,0.0,1500,1402,98,4,2.67,0.932,0.16,12.0,1.0,155,155,0.9503,19
5,Optimized,cross_functional,35,35,0,0,0,0.0,1500,1402,98,5,3.33,0.9313,0.16,12.0,1.0,156,156,0.9487,20
5,Optimized,cross_functional,35,35,0,1,0,0.0286,1500,1410,90,4,2.67,0.9373,0.16,12.0,1.0,168,168,0.9462,21
5,Optimized,cross_functional,35,35,0,1,0,0.0286,1500,1414,86,1,0.67,0.942,0.16,12.0,1.0,150,150,0.9516,22
5,Optimized,cross_functional,35,35,0,1,0,0.0286,1500,1412,88,2,1.33,0.94,0.16,12.0,1.0,153,153,0.9496,23
5,Optimized,cross_functional,35,34,0,0,1,0.0286,1500,1375,125,3,2.0,0.9147,0.16,12.0,1.0,165,165,0.9407,24
5,Optimized,cross_functional,35,35,0,0,0,0.0,1500,1401,99,4,2.67,0.9313,0.16,12.0,1.0,156,156,0.9501,25
5,Optimized,cross_functional,35,35,0,1,0,0.0286,1500,1400,100,3,2.0,0.9313,0.16,12.0,1.0,143,143,0.9457,26
5,Optimized,cross_functional,35,35,0,0,0,0.0,1500,1386,114,3,2.0,0.922,0.16,12.0,1.0,152,152,0.9486,27
5,Optimized,cross_functional,35,35,0,0,0,0.0,1500,1413,87,4,2.67,0.9393,0.16,12.0,1.0,162,162,0.9525,28
5,Optimized,cross_functional,35,35,0,0,0,0.0,1500,1432,68,3,2.0,0.9527,0.16,12.0,1.0,142,142,0.9578,29
1,Ad-hoc,adversarial,40,34,10,0,6,0.4,1000,766,234,62,62.0,0.704,0.02,5.0,0.5814,86,50,0.6414,0
1,Ad-hoc,adversarial,40,34,10,0,6,0.4,1000,781,219,54,54.0,0.727,0.02,5.0,0.6064,94,57,0.6681,1
1,Ad-hoc,adversarial,40,37,10,0,3,0.325,1000,776,224,64,64.0,0.712,0.02,5.0,0.5714,98,56,0.6533,2
1,Ad-hoc,adversarial,40,36,10,0,4,0.35,1000,772,228,77,77.0,0.695,0.02,5.0,0.6214,103,64,0.6247,3
1,Ad-hoc,adversarial,40,36,10,0,4,0.35,1000,754,246,54,54.0,0.7,0.02,5.0,0.5259,116,61,0.6579,4
1,Ad-hoc,adversarial,40,33,10,0,7,0.425,1000,755,245,69,69.0,0.686,0.02,5.0,0.6139,101,62,0.6219,5
1,Ad-hoc,adversarial,40,34,10,0,6,0.4,1000,746,254,63,63.0,0.683,0.02,5.0,0.5591,93,52,0.6298,6
1,Ad-hoc,adversarial,40,32,10,0,8,0.45,1000,760,240,60,60.0,0.7,0.02,5.0,0.5882,119,70,0.6352,7
1,Ad-hoc,adversarial,40,32,10,0,8,0.45,1000,758,242,61,61.0,0.697,0.02,5.0,0.5741,108,62,0.6302,8
1,Ad-hoc,adversarial,40,32,10,0,8,0.45,1000,777,223,52,52.0,0.725,0.02,5.0,0.52,100,52,0.6485,9
1,Ad-hoc,adversarial,40,38,10,0,2,0.3,1000,751,249,72,72.0,0.679,0.02,5.0,0.6636,107,71,0.6462,10
1,Ad-hoc,adversarial,40,37,10,0,3,0.325,1000,733,267,52,52.0,0.681,0.02,5.0,0.549,102,56,0.6647,11
1,Ad-hoc,adversarial,40,30,10,0,10,0.5,1000,745,255,59,59.0,0.686,0.02,5.0,0.5761,92,53,0.6212,12
1,Ad-hoc,adversarial,40,33,10,0,7,0.425,1000,766,234,62,62.0,0.704,0.02,5.0,0.5773,97,56,0.6358,13
1,Ad-hoc,adversarial,40,31,10,0,9,0.475,1000,785,215,58,58.0,0.727,0.02,5.0,0.6593,91,60,0.653,14
1,Ad-hoc,adversarial,40,35,10,0,5,0.375,1000,768,232,48,48.0,0.72,0.02,5.0,0.598,102,61,0.6817,15
1,Ad-hoc,adversarial,40,39,10,0,1,0.275,1000,768,232,74,74.0,0.694,0.02,5.0,0.6809,94,64,0.6543,16
1,Ad-hoc,adversarial,40,33,10,0,7,0.425,1000,776,224,52,52.0,0.724,0.02,5.0,0.5739,115,66,0.6613,17
1,Ad-hoc,adversarial,40,36,10,0,4,0.35,1000,766,234,61,61.0,0.705,0.02,5.0,0.5909,88,52,0.6551,18
1,Ad-hoc,adversarial,40,32,10,0,8,0.45,1000,758,242,50,50.0,0.708,0.02,5.0,0.5604,91,51,0.6535,19
1,Ad-hoc,adversarial,40,35,10,0,5,0.375,1000,781,219,71,71.0,0.71,0.02,5.0,0.6429,112,72,0.6394,20
1,Ad-hoc,adversarial,40,35,10,0,5,0.375,1000,739,261,74,74.0,0.665,0.02,5.0,0.5849,106,62,0.6112,21
1,Ad-hoc,adversarial,40,31,10,0,9,0.475,1000,755,245,65,65.0,0.69,0.02,5.0,0.5889,90,53,0.6173,22
1,Ad-hoc,adversarial,40,35,10,0,5,0.375,1000,781,219,54,54.0,0.727,0.02,5.0,0.6667,99,66,0.6821,23
1,Ad-hoc,adversarial,40,36,10,0,4,0.35,1000,759,241,58,58.0,0.701,0.02,5.0,0.6019,103,62,0.6616,24
1,Ad-hoc,adversarial,40,36,10,0,4,0.35,1000,770,230,63,63.0,0.707,0.02,5.0,0.5728,103,59,0.649,25
1,Ad-hoc,adversarial,40,38,10,0,2,0.3,1000,772,228,57,57.0,0.715,0.02,5.0,0.6389,108,69,0.6833,26
1,Ad-hoc,adversarial,40,36,10,0,4,0.35,1000,801,199,60,60.0,0.741,0.02,5.0,0.6327,98,62,0.6742,27
1,Ad-hoc,adversarial,40,33,10,0,7,0.425,1000,776,224,65,65.0,0.711,0.02,5.0,0.5789,95,55,0.6321,28
1,Ad-hoc,adversarial,40,35,10,0,5,0.375,1000,768,232,53,53.0,0.715,0.02,5.0,0.5581,86,48,0.6642,29
2,Reactive,adversarial,37,35,7,0,2,0.2432,1000,768,232,38,38.0,0.73,0.06,9.0,0.6346,104,66,0.7305,0
2,Reactive,adversarial,37,33,7,0,4,0.2973,1000,753,247,44,44.0,0.709,0.06,9.0,0.5728,103,59,0.6922,1
2,Reactive,adversarial,37,33,7,0,4,0.2973,1000,793,207,27,27.0,0.766,0.06,9.0,0.631,84,53,0.752,2
2,Reactive,adversarial,37,34,7,0,3,0.2703,1000,788,212,25,25.0,0.763,0.06,9.0,0.5619,105,59,0.7501,3
2,Reactive,adversarial,37,33,7,0,4,0.2973,1000,804,196,38,38.0,0.766,0.06,9.0,0.5294,85,45,0.7148,4
2,Reactive,adversarial,37,32,7,0,5,0.3243,1000,800,200,44,44.0,0.756,0.06,9.0,0.5789,95,55,0.7018,5
2,Reactive,adversarial,37,36,7,0,1,0.2162,1000,783,217,32,32.0,0.751,0.06,9.0,0.6136,88,54,0.7511,6
2,Reactive,adversarial,37,34,7,0,3,0.2703,1000,780,220,40,40.0,0.74,0.06,9.0,0.5769,78,45,0.7155,7
2,Reactive,adversarial,37,34,7,0,3,0.2703,1000,792,208,39,39.0,0.753,0.06,9.0,0.5962,104,62,0.7243,8
2,Reactive,adversarial,37,30,7,0,7,0.3784,1000,789,211,39,39.0,0.75,0.06,9.0,0.5567,97,54,0.6958,9
2,Reactive,adversarial,37,33,7,0,4,0.2973,1000,773,227,37,37.0,0.736,0.06,9.0,0.5806,93,54,0.7154,10
2,Reactive,adversarial,37,33,7,0,4,0.2973,1000,782,218,39,39.0,0.743,0.06,9.0,0.6556,90,59,0.7248,11
2,Reactive,adversarial,37,32,7,0,5,0.3243,1000,761,239,37,37.0,0.724,0.06,9.0,0.5918,98,58,0.7081,12
2,Reactive,adversarial,37,30,7,0,7,0.3784,1000,768,232,38,38.0,0.73,0.06,9.0,0.6514,109,71,0.706,13
2,Reactive,adversarial,37,34,7,0,3,0.2703,1000,774,226,42,42.0,0.732,0.06,9.0,0.6667,81,54,0.7225,14
2,Reactive,adversarial,37,34,7,0,3,0.2703,1000,772,228,50,50.0,0.722,0.06,9.0,0.6373,102,65,0.6991,15
2,Reactive,adversarial,37,33,7,0,4,0.2973,1000,759,241,37,37.0,0.722,0.06,9.0,0.598,102,61,0.7138,16
2,Reactive,adversarial,37,35,7,0,2,0.2432,1000,779,221,50,50.0,0.729,0.06,9.0,0.5761,92,53,0.6975,17
2,Reactive,adversarial,37,33,7,0,4,0.2973,1000,766,234,33,33.0,0.733,0.06,9.0,0.5481,104,57,0.7177,18
2,Reactive,adversarial,37,36,7,0,1,0.2162,1000,781,219,44,44.0,0.737,0.06,9.0,0.57,100,57,0.7164,19
2,Reactive,adversarial,37,35,7,0,2,0.2432,1000,764,236,40,40.0,0.724,0.06,9.0,0.5758,99,57,0.7159,20
2,Reactive,adversarial,37,30,7,0,7,0.3784,1000,764,236,36,36.0,0.728,0.06,9.0,0.5914,93,55,0.7004,21
2,Reactive,adversarial,37,35,7,0,2,0.2432,1000,790,210,39,39.0,0.751,0.06,9.0,0.5921,76,45,0.7285,22
2,Reactive,adversarial,37,33,7,0,4,0.2973,1000,790,210,41,41.0,0.749,0.06,9.0,0.5758,99,57,0.7106,23
2,Reactive,adversarial,37,32,7,0,5,0.3243,1000,792,208,47,47.0,0.745,0.06,9.0,0.5618,89,50,0.6899,24
2,Reactive,adversarial,37,33,7,0,4,0.2973,1000,780,220,22,22.0,0.758,0.06,9.0,0.6283,113,71,0.7592,25
2,Reactive,adversarial,37,32,7,0,5,0.3243,1000,767,233,42,42.0,0.725,0.06,9.0,0.7,90,63,0.7146,26
2,Reactive,adversarial,37,33,7,0,4,0.2973,1000,779,221,25,25.0,0.754,0.06,9.0,0.5172,87,45,0.7353,27
2,Reactive,adversarial,37,32,7,0,5,0.3243,1000,777,223,47,47.0,0.73,0.06,9.0,0.5699,93,53,0.6866,28
2,Reactive,adversarial,37,33,7,0,4,0.2973,1000,775,225,60,60.0,0.715,0.06,9.0,0.598,102,61,0.6657,29
3,Defined,adversarial,33,32,3,0,1,0.1212,1000,896,104,14,14.0,0.882,0.12,12.0,0.9406,101,95,0.8854,0
3,Defined,adversarial,33,30,3,0,3,0.1818,1000,885,115,13,13.0,0.872,0.12,12.0,0.8974,78,70,0.8659,1
3,Defined,adversarial,33,33,3,0,0,0.0909,1000,900,100,11,11.0,0.889,0.12,12.0,0.9091,99,90,0.8949,2
3,Defined,adversarial,33,31,3,0,2,0.1515,1000,866,134,14,14.0,0.852,0.12,12.0,0.9407,118,111,0.8704,3
3,Defined,adversarial,33,32,3,0,1,0.1212,1000,863,137,11,11.0,0.852,0.12,12.0,0.9341,91,85,0.8815,4
3,Defined,adversarial,33,31,3,0,2,0.1515,1000,881,119,16,16.0,0.865,0.12,12.0,0.8889,99,88,0.8625,5
3,Defined,adversarial,33,31,3,0,2,0.1515,1000,891,109,8,8.0,0.883,0.12,12.0,0.9515,103,98,0.8933,6
3,Defined,adversarial,33,32,3,0,1,0.1212,1000,887,113,13,13.0,0.874,0.12,12.0,0.8889,99,88,0.8773,7
3,Defined,adversarial,33,30,3,0,3,0.1818,1000,887,113,18,18.0,0.869,0.12,12.0,0.8739,111,97,0.8514,8
3,Defined,adversarial,33,32,3,0,1,0.1212,1000,869,131,17,17.0,0.852,0.12,12.0,0.9273,110,102,0.8684,9
3,Defined,adversarial,33,30,3,0,3,0.1818,1000,895,105,15,15.0,0.88,0.12,12.0,0.8095,105,85,0.8511,10
3,Defined,adversarial,33,32,3,0,1,0.1212,1000,881,119,9,9.0,0.872,0.12,12.0,0.9375,112,105,0.892,11
3,Defined,adversarial,33,30,3,0,3,0.1818,1000,876,124,16,16.0,0.86,0.12,12.0,0.8889,99,88,0.855,12
3,Defined,adversarial,33,33,3,0,0,0.0909,1000,882,118,15,15.0,0.867,0.12,12.0,0.8692,107,93,0.8743,13
3,Defined,adversarial,33,29,3,0,4,0.2121,1000,879,121,9,9.0,0.87,0.12,12.0,0.9684,95,92,0.8778,14
3,Defined,adversarial,33,30,3,0,3,0.1818,1000,871,129,13,13.0,0.858,0.12,12.0,0.9167,96,88,0.8645,15
3,Defined,adversarial,33,31,3,0,2,0.1515,1000,907,93,8,8.0,0.899,0.12,12.0,0.9505,101,96,0.898,16
3,Defined,adversarial,33,33,3,0,0,0.0909,1000,871,129,16,16.0,0.855,0.12,12.0,0.9407,118,111,0.8794,17
3,Defined,adversarial,33,32,3,0,1,0.1212,1000,889,111,18,18.0,0.871,0.12,12.0,0.9041,73,66,0.8687,18
3,Defined,adversarial,33,32,3,0,1,0.1212,1000,869,131,16,16.0,0.853,0.12,12.0,0.8469,98,83,0.8587,19
3,Defined,adversarial,33,33,3,0,0,0.0909,1000,880,120,15,15.0,0.865,0.12,12.0,0.972,107,104,0.8891,20
3,Defined,adversarial,33,29,3,0,4,0.2121,1000,870,130,15,15.0,0.855,0.12,12.0,0.8763,97,85,0.8475,21
3,Defined,adversarial,33,28,3,0,5,0.2424,1000,866,134,11,11.0,0.855,0.12,12.0,0.9333,105,98,0.858,22
3,Defined,adversarial,33,32,3,0,1,0.1212,1000,864,136,10,10.0,0.854,0.12,12.0,0.8879,107,95,0.8771,23
3,Defined,adversarial,33,32,3,0,1,0.1212,1000,888,112,10,10.0,0.878,0.12,12.0,0.9,90,81,0.8862,24
3,Defined,adversarial,33,32,3,0,1,0.1212,1000,891,109,16,16.0,0.875,0.12,12.0,0.9495,99,94,0.8807,25
3,Defined,adversarial,33,32,3,0,1,0.1212,1000,863,137,9,9.0,0.854,0.12,12.0,0.8857,105,93,0.8788,26
3,Defined,adversarial,33,32,3,0,1,0.1212,1000,875,125,14,14.0,0.861,0.12,12.0,0.8947,95,85,0.8723,27
3,Defined,adversarial,33,30,3,0,3,0.1818,1000,865,135,10,10.0,0.855,0.12,12.0,0.9293,99,92,0.8715,28
3,Defined,adversarial,33,30,3,0,3,0.1818,1000,878,122,16,16.0,0.862,0.12,12.0,0.8908,119,106,0.8558,29
4,Managed,adversarial,31,31,1,0,0,0.0323,1000,891,109,1,1.0,0.89,0.18,14.7,0.9663,89,86,0.9265,0
4,Managed,adversarial,31,31,1,0,0,0.0323,1000,909,91,1,1.0,0.908,0.18,14.7,0.9554,112,107,0.9303,1
4,Managed,adversarial,31,31,1,0,0,0.0323,1000,889,111,3,3.0,0.886,0.18,14.7,0.8969,97,87,0.9109,2
4,Managed,adversarial,31,31,1,0,0,0.0323,1000,882,118,4,4.0,0.878,0.18,14.7,0.9352,108,101,0.9122,3
4,Managed,adversarial,31,31,1,0,0,0.0323,1000,892,108,6,6.0,0.886,0.18,14.7,0.9659,88,85,0.9152,4
4,Managed,adversarial,31,31,1,0,0,0.0323,1000,886,114,3,3.0,0.883,0.18,14.7,0.9417,103,97,0.9167,5
4,Managed,adversarial,31,31,1,0,0,0.0323,1000,897,103,6,6.0,0.891,0.18,14.7,0.9348,92,86,0.9121,6
4,Managed,adversarial,31,31,1,0,0,0.0323,1000,890,110,4,4.0,0.886,0.18,14.7,0.9375,80,75,0.915,7
4,Managed,adversarial,31,31,1,0,0,0.0323,1000,893,107,3,3.0,0.89,0.18,14.7,0.9121,91,83,0.9144,8
4,Managed,adversarial,31,31,1,0,0,0.0323,1000,889,111,0,0.0,0.889,0.18,14.7,0.9775,89,87,0.9299,9
4,Managed,adversarial,31,30,1,0,1,0.0645,1000,888,112,2,2.0,0.886,0.18,14.7,0.9894,94,93,0.9203,10
4,Managed,adversarial,31,31,1,0,0,0.0323,1000,886,114,6,6.0,0.88,0.18,14.7,0.9455,110,104,0.9104,11
4,Managed,adversarial,31,31,1,0,0,0.0323,1000,894,106,5,5.0,0.889,0.18,14.7,0.9888,89,88,0.9216,12
4,Managed,adversarial,31,31,1,0,0,0.0323,1000,900,100,2,2.0,0.898,0.18,14.7,0.9405,84,79,0.923,13
4,Managed,adversarial,31,31,1,0,0,0.0323,1000,900,100,1,1.0,0.899,0.18,14.7,0.9355,93,87,0.9246,14
4,Managed,adversarial,31,31,1,0,0,0.0323,1000,895,105,7,7.0,0.888,0.18,14.7,0.9455,110,104,0.9108,15
4,Managed,adversarial,31,31,1,0,0,0.0323,1000,915,85,4,4.0,0.911,0.18,14.7,0.93,100,93,0.9213,16
4,Managed,adversarial,31,31,1,0,0,0.0323,1000,893,107,2,2.0,0.891,0.18,14.7,0.9362,94,88,0.9203,17
4,Managed,adversarial,31,31,1,0,0,0.0323,1000,880,120,3,3.0,0.877,0.18,14.7,0.9903,103,102,0.9222,18
4,Managed,adversarial,31,31,1,0,0,0.0323,1000,894,106,5,5.0,0.889,0.18,14.7,0.9712,104,101,0.9189,19
4,Managed,adversarial,31,31,1,0,0,0.0323,1000,890,110,8,8.0,0.882,0.18,14.7,0.9355,93,87,0.9055,20
4,Managed,adversarial,31,31,1,0,0,0.0323,1000,894,106,2,2.0,0.892,0.18,14.7,0.949,98,93,0.9225,21
4,Managed,adversarial,31,31,1,0,0,0.0323,1000,897,103,3,3.0,0.894,0.18,14.7,0.9293,99,92,0.9181,22
4,Managed,adversarial,31,30,1,0,1,0.0645,1000,883,117,5,5.0,0.878,0.18,14.7,0.951,102,97,0.9061,23
4,Managed,adversarial,31,31,1,0,0,0.0323,1000,896,104,3,3.0,0.893,0.18,14.7,0.93,100,93,0.9179,24
4,Managed,adversarial,31,30,1,0,1,0.0645,1000,891,109,1,1.0,0.89,0.18,14.7,0.9271,96,89,0.9142,25
4,Managed,adversarial,31,31,1,0,0,0.0323,1000,921,79,2,2.0,0.919,0.18,14.7,0.8471,85,72,0.9153,26
4,Managed,adversarial,31,31,1,0,0,0.0323,1000,888,112,3,3.0,0.885,0.18,14.7,0.9504,121,115,0.9186,27
4,Managed,adversarial,31,31,1,0,0,0.0323,1000,894,106,3,3.0,0.891,0.18,14.7,0.954,87,83,0.921,28
4,Managed,adversarial,31,29,1,0,2,0.0968,1000,900,100,1,1.0,0.899,0.18,14.7,0.9375,96,90,0.912,29
5,Optimized,adversarial,30,30,0,0,0,0.0,1000,925,75,2,2.0,0.923,0.16,12.0,1.0,108,108,0.9489,0
5,Optimized,adversarial,30,30,0,0,0,0.0,1000,931,69,1,1.0,0.93,0.16,12.0,1.0,110,110,0.953,1
5,Optimized,adversarial,30,30,0,0,0,0.0,1000,938,62,4,4.0,0.934,0.16,12.0,1.0,98,98,0.9482,2
5,Optimized,adversarial,30,30,0,0,0,0.0,1000,944,56,1,1.0,0.943,0.16,12.0,1.0,104,104,0.9569,3
5,Optimized,adversarial,30,30,0,0,0,0.0,1000,931,69,3,3.0,0.928,0.16,12.0,1.0,120,120,0.9484,4
5,Optimized,adversarial,30,30,0,0,0,0.0,1000,929,71,2,2.0,0.927,0.16,12.0,1.0,92,92,0.9501,5
5,Optimized,adversarial,30,30,0,0,0,0.0,1000,932,68,1,1.0,0.931,0.16,12.0,1.0,120,120,0.9533,6
5,Optimized,adversarial,30,30,0,0,0,0.0,1000,933,67,2,2.0,0.931,0.16,12.0,1.0,104,104,0.9513,7
5,Optimized,adversarial,30,30,0,0,0,0.0,1000,944,56,0,0.0,0.944,0.16,12.0,1.0,98,98,0.9592,8
5,Optimized,adversarial,30,30,0,0,0,0.0,1000,944,56,1,1.0,0.943,0.16,12.0,1.0,90,90,0.9569,9
5,Optimized,adversarial,30,30,0,0,0,0.0,1000,944,56,2,2.0,0.942,0.16,12.0,1.0,102,102,0.9546,10
5,Optimized,adversarial,30,29,0,0,1,0.0333,1000,939,61,3,3.0,0.936,0.16,12.0,1.0,106,106,0.9441,11
5,Optimized,adversarial,30,30,0,0,0,0.0,1000,928,72,0,0.0,0.928,0.16,12.0,1.0,94,94,0.9544,12
5,Optimized,adversarial,30,30,0,0,0,0.0,1000,927,73,6,6.0,0.921,0.16,12.0,1.0,97,97,0.9403,13
5,Optimized,adversarial,30,30,0,0,0,0.0,1000,928,72,1,1.0,0.927,0.16,12.0,1.0,96,96,0.9521,14
5,Optimized,adversarial,30,30,0,0,0,0.0,1000,927,73,3,3.0,0.924,0.16,12.0,1.0,116,116,0.9472,15
5,Optimized,adversarial,30,30,0,0,0,0.0,1000,936,64,5,5.0,0.931,0.16,12.0,1.0,102,102,0.9453,16
5,Optimized,adversarial,30,29,0,0,1,0.0333,1000,939,61,2,2.0,0.937,0.16,12.0,1.0,104,104,0.9464,17
5,Optimized,adversarial,30,30,0,0,0,0.0,1000,939,61,1,1.0,0.938,0.16,12.0,1.0,98,98,0.9554,18
5,Optimized,adversarial,30,30,0,0,0,0.0,1000,948,52,2,2.0,0.946,0.16,12.0,1.0,88,88,0.9558,19
5,Optimized,adversarial,30,30,0,0,0,0.0,1000,930,70,3,3.0,0.927,0.16,12.0,1.0,105,105,0.9481,20
5,Optimized,adversarial,30,30,0,0,0,0.0,1000,931,69,4,4.0,0.927,0.16,12.0,1.0,96,96,0.9461,21
5,Optimized,adversarial,30,30,0,0,0,0.0,1000,927,73,3,3.0,0.924,0.16,12.0,1.0,98,98,0.9472,22
5,Optimized,adversarial,30,30,0,0,0,0.0,1000,937,63,1,1.0,0.936,0.16,12.0,1.0,81,81,0.9548,23
5,Optimized,adversarial,30,30,0,0,0,0.0,1000,927,73,1,1.0,0.926,0.16,12.0,1.0,114,114,0.9518,24
5,Optimized,adversarial,30,30,0,0,0,0.0,1000,931,69,1,1.0,0.93,0.16,12.0,1.0,115,115,0.953,25
5,Optimized,adversarial,30,30,0,0,0,0.0,1000,935,65,3,3.0,0.932,0.16,12.0,1.0,110,110,0.9496,26
5,Optimized,adversarial,30,30,0,0,0,0.0,1000,946,54,0,0.0,0.946,0.16,12.0,1.0,109,109,0.9598,27
5,Optimized,adversarial,30,30,0,0,0,0.0,1000,936,64,1,1.0,0.935,0.16,12.0,1.0,84,84,0.9545,28
5,Optimized,adversarial,30,30,0,0,0,0.0,1000,935,65,1,1.0,0.934,0.16,12.0,1.0,104,104,0.9542,29
1,Ad-hoc,optimization,54,42,14,10,12,0.6667,1500,1132,368,82,54.67,0.7,0.02,5.0,0.6458,144,93,0.6112,0
1,Ad-hoc,optimization,54,44,14,10,10,0.6296,1500,1138,362,111,74.0,0.6847,0.02,5.0,0.6761,142,96,0.5799,1
1,Ad-hoc,optimization,54,50,14,10,4,0.5185,1500,1139,361,78,52.0,0.7073,0.02,5.0,0.5878,131,77,0.6397,2
1,Ad-hoc,optimization,54,43,14,10,11,0.6481,1500,1101,399,88,58.67,0.6753,0.02,5.0,0.6289,159,100,0.597,3
1,Ad-hoc,optimization,54,41,14,10,13,0.6852,1500,1150,350,76,50.67,0.716,0.02,5.0,0.5556,171,95,0.6068,4
1,Ad-hoc,optimization,54,43,14,10,11,0.6481,1500,1101,399,83,55.33,0.6787,0.02,5.0,0.6821,151,103,0.6126,5
1,Ad-hoc,optimization,54,43,14,10,11,0.6481,1500,1111,389,78,52.0,0.6887,0.02,5.0,0.5828,151,88,0.6074,6
1,Ad-hoc,optimization,54,46,14,10,8,0.5926,1500,1134,366,88,58.67,0.6973,0.02,5.0,0.5976,164,98,0.61,7
1,Ad-hoc,optimization,54,42,14,10,12,0.6667,1500,1104,396,76,50.67,0.6853,0.02,5.0,0.5868,167,98,0.606,8
1,Ad-hoc,optimization,54,48,14,10,6,0.5556,1500,1161,339,87,58.0,0.716,0.02,5.0,0.6943,157,109,0.6388,9
1,Ad-hoc,optimization,54,45,14,10,9,0.6111,1500,1118,382,75,50.0,0.6953,0.02,5.0,0.5685,146,83,0.6187,10
1,Ad-hoc,optimization,54,49,14,10,5,0.537,1500,1160,340,98,65.33,0.708,0.02,5.0,0.5401,137,74,0.6023,11
1,Ad-hoc,optimization,54,44,14,10,10,0.6296,1500,1133,367,89,59.33,0.696,0.02,5.0,0.5789,152,88,0.598,12
1,Ad-hoc,optimization,54,41,14,10,13,0.6852,1500,1135,365,81,54.0,0.7027,0.02,5.0,0.6087,138,84,0.6041,13
1,Ad-hoc,optimization,54,44,14,10,10,0.6296,1500,1102,398,84,56.0,0.6787,0.02,5.0,0.5324,139,74,0.5925,14
1,Ad-hoc,optimization,54,48,14,10,6,0.5556,1500,1120,380,80,53.33,0.6933,0.02,5.0,0.5493,142,78,0.6196,15
1,Ad-hoc,optimization,54,46,14,10,8,0.5926,1500,1130,370,76,50.67,0.7027,0.02,5.0,0.6644,146,97,0.6376,16
1,Ad-hoc,optimization,54,44,14,10,10,0.6296,1500,1147,353,70,46.67,0.718,0.02,5.0,0.5068,148,75,0.6192,17
1,Ad-hoc,optimization,54,41,14,10,13,0.6852,1500,1128,372,79,52.67,0.6993,0.02,5.0,0.6383,141,90,0.6102,18
1,Ad-hoc,optimization,54,43,14,10,11,0.6481,1500,1111,389,95,63.33,0.6773,0.02,5.0,0.5674,141,80,0.579,19
1,Ad-hoc,optimization,54,47,14,10,7,0.5741,1500,1161,339,77,51.33,0.7227,0.02,5.0,0.578,173,100,0.633,20
1,Ad-hoc,optimization,54,46,14,10,8,0.5926,1500,1148,352,94,62.67,0.7027,0.02,5.0,0.6579,152,100,0.6126,21
1,Ad-hoc,optimization,54,41,14,10,13,0.6852,1500,1137,363,114,76.0,0.682,0.02,5.0,0.5687,160,91,0.5479,22
1,Ad-hoc,optimization,54,43,14,10,11,0.6481,1500,1149,351,82,54.67,0.7113,0.02,5.0,0.6065,155,94,0.6124,23
1,Ad-hoc,optimization,54,42,14,10,12,0.6667,1500,1158,342,100,66.67,0.7053,0.02,5.0,0.6029,136,82,0.5824,24
1,Ad-hoc,optimization,54,45,14,10,9,0.6111,1500,1139,361,99,66.0,0.6933,0.02,5.0,0.551,147,81,0.5834,25
1,Ad-hoc,optimization,54,46,14,10,8,0.5926,1500,1126,374,74,49.33,0.7013,0.02,5.0,0.6026,151,91,0.6306,26
1,Ad-hoc,optimization,54,48,14,10,6,0.5556,1500,1138,362,86,57.33,0.7013,0.02,5.0,0.6184,152,94,0.6244,27
1,Ad-hoc,optimization,54,42,14,10,12,0.6667,1500,1144,356,97,64.67,0.698,0.02,5.0,0.6338,142,90,0.5888,28
1,Ad-hoc,optimization,54,49,14,10,5,0.537,1500,1111,389,83,55.33,0.6853,0.02,5.0,0.5687,160,91,0.6198,29
2,Reactive,optimization,50,41,10,8,9,0.54,1500,1145,355,61,40.67,0.7227,0.06,9.0,0.6303,165,104,0.663,0
2,Reactive,optimization,50,44,10,7,6,0.46,1500,1152,348,58,38.67,0.7293,0.06,9.0,0.6014,148,89,0.6807,1
2,Reactive,optimization,50,47,10,9,3,0.44,1500,1122,378,51,34.0,0.714,0.06,9.0,0.5247,162,85,0.6779,2
2,Reactive,optimization,50,46,10,8,4,0.44,1500,1123,377,58,38.67,0.71,0.06,9.0,0.6242,157,98,0.6823,3
2,Reactive,optimization,50,45,10,6,5,0.42,1500,1155,345,72,48.0,0.722,0.06,9.0,0.6424,151,97,0.674,4
2,Reactive,optimization,50,50,10,7,0,0.34,1500,1140,360,59,39.33,0.7207,0.06,9.0,0.6284,148,93,0.7048,5
2,Reactive,optimization,50,45,10,6,5,0.42,1500,1125,375,64,42.67,0.7073,0.06,9.0,0.6013,158,95,0.6741,6
2,Reactive,optimization,50,47,10,7,3,0.4,1500,1144,356,48,32.0,0.7307,0.06,9.0,0.6043,139,84,0.7068,7
2,Reactive,optimization,50,46,10,7,4,0.42,1500,1167,333,81,54.0,0.724,0.06,9.0,0.5964,166,99,0.6557,8
2,Reactive,optimization,50,48,10,8,2,0.4,1500,1148,352,66,44.0,0.7213,0.06,9.0,0.5839,137,80,0.677,9
2,Reactive,optimization,50,44,10,7,6,0.46,1500,1171,329,69,46.0,0.7347,0.06,9.0,0.66,150,99,0.6764,10
2,Reactive,optimization,50,45,10,5,5,0.4,1500,1162,338,63,42.0,0.7327,0.06,9.0,0.5308,130,69,0.6764,11
2,Reactive,optimization,50,46,10,7,4,0.42,1500,1146,354,69,46.0,0.718,0.06,9.0,0.5686,153,87,0.6657,12
2,Reactive,optimization,50,42,10,7,8,0.5,1500,1148,352,63,42.0,0.7233,0.06,9.0,0.6159,151,93,0.6664,13
2,Reactive,optimization,50,45,10,7,5,0.44,1500,1143,357,52,34.67,0.7273,0.06,9.0,0.6901,142,98,0.7054,14
2,Reactive,optimization,50,41,10,8,9,0.54,1500,1167,333,59,39.33,0.7387,0.06,9.0,0.5921,152,90,0.6647,15
2,Reactive,optimization,50,44,10,7,6,0.46,1500,1164,336,52,34.67,0.7413,0.06,9.0,0.5817,153,89,0.6893,16
2,Reactive,optimization,50,48,10,7,2,0.38,1500,1160,340,52,34.67,0.7387,0.06,9.0,0.5615,130,73,0.7015,17
2,Reactive,optimization,50,48,10,8,2,0.4,1500,1146,354,55,36.67,0.7273,0.06,9.0,0.5845,142,83,0.6935,18
2,Reactive,optimization,50,41,10,9,9,0.56,1500,1118,382,68,45.33,0.7,0.06,9.0,0.5,148,74,0.6233,19
2,Reactive,optimization,50,48,10,6,2,0.36,1500,1121,379,59,39.33,0.708,0.06,9.0,0.5988,162,97,0.6925,20
2,Reactive,optimization,50,46,10,8,4,0.44,1500,1154,346,63,42.0,0.7273,0.06,9.0,0.6478,159,103,0.6844,21
2,Reactive,optimization,50,42,10,8,8,0.52,1500,1125,375,69,46.0,0.704,0.06,9.0,0.5735,136,78,0.6422,22
2,Reactive,optimization,50,46,10,6,4,0.4,1500,1135,365,70,46.67,0.71,0.06,9.0,0.6434,143,92,0.6772,23
2,Reactive,optimization,50,43,10,5,7,0.44,1500,1139,361,65,43.33,0.716,0.06,9.0,0.5817,153,89,0.6684,24
2,Reactive,optimization,50,46,10,8,4,0.44,1500,1189,311,56,37.33,0.7553,0.06,9.0,0.6277,137,86,0.6991,25
2,Reactive,optimization,50,43,10,10,7,0.54,1500,1121,379,64,42.67,0.7047,0.06,9.0,0.6463,164,106,0.656,26
2,Reactive,optimization,50,46,10,10,4,0.48,1500,1157,343,39,26.0,0.7453,0.06,9.0,0.6224,143,89,0.71,27
2,Reactive,optimization,50,45,10,9,5,0.48,1500,1173,327,68,45.33,0.7367,0.06,9.0,0.5749,167,96,0.6616,28
2,Reactive,optimization,50,45,10,6,5,0.42,1500,1144,356,60,40.0,0.7227,0.06,9.0,0.6038,159,96,0.6844,29
3,Defined,optimization,44,42,4,6,2,0.2727,1500,1331,169,19,12.67,0.8747,0.12,12.0,0.9012,162,146,0.8497,0
3,Defined,optimization,44,42,4,6,2,0.2727,1500,1317,183,17,11.33,0.8667,0.12,12.0,0.8981,157,141,0.8495,1
3,Defined,optimization,44,40,4,5,4,0.2955,1500,1321,179,16,10.67,0.87,0.12,12.0,0.9085,142,129,0.8488,2
3,Defined,optimization,44,40,4,9,4,0.3864,1500,1315,185,20,13.33,0.8633,0.12,12.0,0.9097,144,131,0.8235,3
3,Defined,optimization,44,42,4,7,2,0.2955,1500,1343,157,20,13.33,0.882,0.12,12.0,0.88,150,132,0.8428,4
3,Defined,optimization,44,43,4,5,1,0.2273,1500,1330,170,15,10.0,0.8767,0.12,12.0,0.8623,167,144,0.8589,5
3,Defined,optimization,44,42,4,8,2,0.3182,1500,1312,188,19,12.67,0.862,0.12,12.0,0.9306,144,134,0.8412,6
3,Defined,optimization,44,44,4,7,0,0.25,1500,1293,207,16,10.67,0.8513,0.12,12.0,0.8993,139,125,0.851,7
3,Defined,optimization,44,42,4,8,2,0.3182,1500,1292,208,23,15.33,0.846,0.12,12.0,0.9273,165,153,0.8306,8
3,Defined,optimization,44,42,4,8,2,0.3182,1500,1314,186,15,10.0,0.866,0.12,12.0,0.9152,165,151,0.8454,9
3,Defined,optimization,44,42,4,8,2,0.3182,1500,1321,179,19,12.67,0.868,0.12,12.0,0.9408,152,143,0.8445,10
3,Defined,optimization,44,40,4,6,4,0.3182,1500,1312,188,23,15.33,0.8593,0.12,12.0,0.9032,155,140,0.831,11
3,Defined,optimization,44,39,4,8,5,0.3864,1500,1304,196,15,10.0,0.8593,0.12,12.0,0.8675,151,131,0.8227,12
3,Defined,optimization,44,42,4,5,2,0.25,1500,1317,183,24,16.0,0.862,0.12,12.0,0.9457,129,122,0.8505,13
3,Defined,optimization,44,41,4,7,3,0.3182,1500,1319,181,14,9.33,0.87,0.12,12.0,0.8897,145,129,0.8441,14
3,Defined,optimization,44,42,4,7,2,0.2955,1500,1324,176,18,12.0,0.8707,0.12,12.0,0.913,161,147,0.8471,15
3,Defined,optimization,44,44,4,8,0,0.2727,1500,1318,182,15,10.0,0.8687,0.12,12.0,0.9231,143,132,0.8565,16
3,Defined,optimization,44,41,4,7,3,0.3182,1500,1316,184,25,16.67,0.8607,0.12,12.0,0.9058,138,125,0.8291,17
3,Defined,optimization,44,40,4,7,4,0.3409,1500,1327,173,19,12.67,0.872,0.12,12.0,0.8986,148,133,0.8349,18
3,Defined,optimization,44,40,4,7,4,0.3409,1500,1319,181,24,16.0,0.8633,0.12,12.0,0.9162,167,153,0.8282,19
3,Defined,optimization,44,39,4,6,5,0.3409,1500,1294,206,23,15.33,0.8473,0.12,12.0,0.875,152,133,0.8186,20
3,Defined,optimization,44,43,4,6,1,0.25,1500,1322,178,22,14.67,0.8667,0.12,12.0,0.9231,143,132,0.8511,21
3,Defined,optimization,44,43,4,8,1,0.2955,1500,1311,189,27,18.0,0.856,0.12,12.0,0.9277,166,154,0.8329,22
3,Defined,optimization,44,41,4,6,3,0.2955,1500,1305,195,19,12.67,0.8573,0.12,12.0,0.9133,150,137,0.8418,23
3,Defined,optimization,44,41,4,9,3,0.3636,1500,1319,181,25,16.67,0.8627,0.12,12.0,0.9161,143,131,0.8222,24
3,Defined,optimization,44,40,4,7,4,0.3409,1500,1308,192,27,18.0,0.854,0.12,12.0,0.9108,157,143,0.8206,25
3,Defined,optimization,44,41,4,7,3,0.3182,1500,1316,184,24,16.0,0.8613,0.12,12.0,0.9059,170,154,0.8306,26
3,Defined,optimization,44,39,4,5,5,0.3182,1500,1302,198,12,8.0,0.86,0.12,12.0,0.9362,141,132,0.8508,27
3,Defined,optimization,44,42,4,7,2,0.2955,1500,1326,174,18,12.0,0.872,0.12,12.0,0.9706,136,132,0.8561,28
3,Defined,optimization,44,42,4,8,2,0.3182,1500,1318,182,16,10.67,0.868,0.12,12.0,0.9042,167,151,0.8431,29
4,Managed,optimization,42,42,2,3,0,0.119,1500,1335,165,8,5.33,0.8847,0.18,14.7,0.9429,175,165,0.8954,0
4,Managed,optimization,42,42,2,1,0,0.0714,1500,1320,180,7,4.67,0.8753,0.18,14.7,0.9325,163,152,0.9019,1
4,Managed,optimization,42,42,2,1,0,0.0714,1500,1339,161,5,3.33,0.8893,0.18,14.7,0.8976,166,149,0.9035,2
4,Managed,optimization,42,42,2,2,0,0.0952,1500,1342,158,7,4.67,0.89,0.18,14.7,0.8882,161,143,0.8948,3
4,Managed,optimization,42,42,2,1,0,0.0714,1500,1342,158,5,3.33,0.8913,0.18,14.7,0.9184,147,135,0.9072,4
4,Managed,optimization,42,42,2,1,0,0.0714,1500,1356,144,3,2.0,0.902,0.18,14.7,0.8986,148,133,0.9101,5
4,Managed,optimization,42,41,2,0,1,0.0714,1500,1328,172,4,2.67,0.8827,0.18,14.7,0.9337,166,155,0.9082,6
4,Managed,optimization,42,42,2,1,0,0.0714,1500,1303,197,4,2.67,0.866,0.18,14.7,0.9133,150,137,0.9002,7
4,Managed,optimization,42,42,2,2,0,0.0952,1500,1347,153,4,2.67,0.8953,0.18,14.7,0.8857,175,155,0.9001,8
4,Managed,optimization,42,42,2,1,0,0.0714,1500,1333,167,9,6.0,0.8827,0.18,14.7,0.913,138,126,0.8985,9
4,Managed,optimization,42,42,2,1,0,0.0714,1500,1347,153,3,2.0,0.896,0.18,14.7,0.9,160,144,0.9085,10
4,Managed,optimization,42,42,2,2,0,0.0952,1500,1326,174,4,2.67,0.8813,0.18,14.7,0.8968,155,139,0.8975,11
4,Managed,optimization,42,41,2,1,1,0.0952,1500,1328,172,6,4.0,0.8813,0.18,14.7,0.8922,167,149,0.8942,12
4,Managed,optimization,42,42,2,1,0,0.0714,1500,1331,169,3,2.0,0.8853,0.18,14.7,0.9281,139,129,0.9095,13
4,Managed,optimization,42,42,2,3,0,0.119,1500,1332,168,9,6.0,0.882,0.18,14.7,0.9028,144,130,0.8872,14
4,Managed,optimization,42,40,2,1,2,0.119,1500,1356,144,4,2.67,0.9013,0.18,14.7,0.9203,138,127,0.9023,15
4,Managed,optimization,42,42,2,3,0,0.119,1500,1329,171,6,4.0,0.882,0.18,14.7,0.9013,152,137,0.891,16
4,Managed,optimization,42,42,2,1,0,0.0714,1500,1344,156,5,3.33,0.8927,0.18,14.7,0.9013,152,137,0.905,17
4,Managed,optimization,42,41,2,2,1,0.119,1500,1348,152,5,3.33,0.8953,0.18,14.7,0.9504,141,134,0.9037,18
4,Managed,optimization,42,42,2,0,0,0.0476,1500,1317,183,6,4.0,0.874,0.18,14.7,0.9225,142,131,0.9061,19
4,Managed,optimization,42,42,2,2,0,0.0952,1500,1322,178,5,3.33,0.878,0.18,14.7,0.9133,150,137,0.8977,20
4,Managed,optimization,42,42,2,1,0,0.0714,1500,1325,175,4,2.67,0.8807,0.18,14.7,0.9226,155,143,0.906,21
4,Managed,optimization,42,42,2,2,0,0.0952,1500,1322,178,7,4.67,0.8767,0.18,14.7,0.8805,159,140,0.8897,22
4,Managed,optimization,42,42,2,3,0,0.119,1500,1339,161,6,4.0,0.8887,0.18,14.7,0.9054,148,134,0.8936,23
4,Managed,optimization,42,42,2,3,0,0.119,1500,1334,166,7,4.67,0.8847,0.18,14.7,0.9241,158,146,0.8939,24
4,Managed,optimization,42,42,2,2,0,0.0952,1500,1333,167,10,6.67,0.882,0.18,14.7,0.869,145,126,0.8856,25
4,Managed,optimization,42,41,2,0,1,0.0714,1500,1334,166,4,2.67,0.8867,0.18,14.7,0.9214,140,129,0.9076,26
4,Managed,optimization,42,42,2,1,0,0.0714,1500,1365,135,6,4.0,0.906,0.18,14.7,0.8981,157,141,0.9072,27
4,Managed,optimization,42,41,2,2,1,0.119,1500,1334,166,8,5.33,0.884,0.18,14.7,0.9504,141,134,0.8963,28
4,Managed,optimization,42,42,2,2,0,0.0952,1500,1315,185,5,3.33,0.8733,0.18,14.7,0.9247,146,135,0.898,29
5,Optimized,optimization,40,38,0,0,2,0.05,1500,1380,120,3,2.0,0.918,0.16,12.0,1.0,165,165,0.9374,0
5,Optimized,optimization,40,39,0,2,1,0.075,1500,1405,95,1,0.67,0.936,0.16,12.0,1.0,117,117,0.9405,1
5,Optimized,optimization,40,40,0,4,0,0.1,1500,1384,116,2,1.33,0.9213,0.16,12.0,1.0,162,162,0.9297,2
5,Optimized,optimization,40,40,0,1,0,0.025,1500,1401,99,1,0.67,0.9333,0.16,12.0,1.0,168,168,0.9497,3
5,Optimized,optimization,40,40,0,0,0,0.0,1500,1399,101,3,2.0,0.9307,0.16,12.0,1.0,167,167,0.9512,4
5,Optimized,optimization,40,40,0,2,0,0.05,1500,1389,111,1,0.67,0.9253,0.16,12.0,1.0,146,146,0.9423,5
5,Optimized,optimization,40,40,0,2,0,0.05,1500,1384,116,3,2.0,0.9207,0.16,12.0,1.0,154,154,0.9382,6
5,Optimized,optimization,40,40,0,2,0,0.05,1500,1391,109,2,1.33,0.926,0.16,12.0,1.0,160,160,0.9411,7
5,Optimized,optimization,40,40,0,1,0,0.025,1500,1395,105,2,1.33,0.9287,0.16,12.0,1.0,148,148,0.9469,8
5,Optimized,optimization,40,40,0,2,0,0.05,1500,1389,111,1,0.67,0.9253,0.16,12.0,1.0,129,129,0.9423,9
5,Optimized,optimization,40,40,0,3,0,0.075,1500,1388,112,6,4.0,0.9213,0.16,12.0,1.0,142,142,0.9294,10
5,Optimized,optimization,40,40,0,2,0,0.05,1500,1392,108,1,0.67,0.9273,0.16,12.0,1.0,146,146,0.9429,11
5,Optimized,optimization,40,40,0,0,0,0.0,1500,1399,101,2,1.33,0.9313,0.16,12.0,1.0,169,169,0.9527,12
5,Optimized,optimization,40,40,0,2,0,0.05,1500,1376,124,2,1.33,0.916,0.16,12.0,1.0,144,144,0.9381,13
5,Optimized,optimization,40,40,0,3,0,0.075,1500,1408,92,1,0.67,0.938,0.16,12.0,1.0,127,127,0.9411,14
5,Optimized,optimization,40,40,0,1,0,0.025,1500,1399,101,2,1.33,0.9313,0.16,12.0,1.0,158,158,0.9477,15
5,Optimized,optimization,40,40,0,1,0,0.025,1500,1400,100,1,0.67,0.9327,0.16,12.0,1.0,131,131,0.9495,16
5,Optimized,optimization,40,40,0,0,0,0.0,1500,1401,99,4,2.67,0.9313,0.16,12.0,1.0,156,156,0.9501,17
5,Optimized,optimization,40,40,0,1,0,0.025,1500,1404,96,6,4.0,0.932,0.16,12.0,1.0,159,159,0.9426,18
5,Optimized,optimization,40,40,0,3,0,0.075,1500,1382,118,2,1.33,0.92,0.16,12.0,1.0,166,166,0.9343,19
5,Optimized,optimization,40,40,0,1,0,0.025,1500,1408,92,1,0.67,0.938,0.16,12.0,1.0,154,154,0.9511,20
5,Optimized,optimization,40,40,0,1,0,0.025,1500,1404,96,6,4.0,0.932,0.16,12.0,1.0,175,175,0.9426,21
5,Optimized,optimization,40,40,0,2,0,0.05,1500,1392,108,2,1.33,0.9267,0.16,12.0,1.0,148,148,0.9413,22
5,Optimized,optimization,40,40,0,5,0,0.125,1500,1379,121,1,0.67,0.9187,0.16,12.0,1.0,173,173,0.9253,23
5,Optimized,optimization,40,40,0,1,0,0.025,1500,1392,108,2,1.33,0.9267,0.16,12.0,1.0,148,148,0.9463,24
5,Optimized,optimization,40,40,0,2,0,0.05,1500,1410,90,4,2.67,0.9373,0.16,12.0,1.0,168,168,0.9419,25
5,Optimized,optimization,40,40,0,2,0,0.05,1500,1393,107,3,2.0,0.9267,0.16,12.0,1.0,136,136,0.94,26
5,Optimized,optimization,40,40,0,2,0,0.05,1500,1398,102,4,2.67,0.9293,0.16,12.0,1.0,158,158,0.9395,27
5,Optimized,optimization,40,40,0,1,0,0.025,1500,1405,95,6,4.0,0.9327,0.16,12.0,1.0,154,154,0.9428,28
5,Optimized,optimization,40,40,0,2,0,0.05,1500,1391,109,2,1.33,0.926,0.16,12.0,1.0,157,157,0.9411,29
